-- phpMyAdmin SQL Dump
-- version 5.1.1
-- https://www.phpmyadmin.net/
--
-- Host: 127.0.0.1
-- Generation Time: May 31, 2022 at 03:12 PM
-- Server version: 10.4.22-MariaDB
-- PHP Version: 8.1.2

SET SQL_MODE = "NO_AUTO_VALUE_ON_ZERO";
START TRANSACTION;
SET time_zone = "+00:00";


/*!40101 SET @OLD_CHARACTER_SET_CLIENT=@@CHARACTER_SET_CLIENT */;
/*!40101 SET @OLD_CHARACTER_SET_RESULTS=@@CHARACTER_SET_RESULTS */;
/*!40101 SET @OLD_COLLATION_CONNECTION=@@COLLATION_CONNECTION */;
/*!40101 SET NAMES utf8mb4 */;

--
-- Database: `vetchem`
--

-- --------------------------------------------------------

--
-- Table structure for table `barcodes`
--

CREATE TABLE `barcodes` (
  `id` bigint(20) UNSIGNED NOT NULL,
  `barcode` varchar(10) COLLATE utf8mb4_unicode_ci NOT NULL,
  `product_id` bigint(20) UNSIGNED NOT NULL,
  `created_at` timestamp NULL DEFAULT NULL,
  `updated_at` timestamp NULL DEFAULT NULL
) ENGINE=InnoDB DEFAULT CHARSET=utf8mb4 COLLATE=utf8mb4_unicode_ci;

--
-- Dumping data for table `barcodes`
--

INSERT INTO `barcodes` (`id`, `barcode`, `product_id`, `created_at`, `updated_at`) VALUES
(1, 'PA023', 233, '2022-03-29 04:32:57', '2022-03-29 04:32:57');

-- --------------------------------------------------------

--
-- Table structure for table `brands`
--

CREATE TABLE `brands` (
  `id` bigint(20) UNSIGNED NOT NULL,
  `name` varchar(50) COLLATE utf8mb4_unicode_ci NOT NULL,
  `created_at` timestamp NULL DEFAULT NULL,
  `updated_at` timestamp NULL DEFAULT NULL
) ENGINE=InnoDB DEFAULT CHARSET=utf8mb4 COLLATE=utf8mb4_unicode_ci;

--
-- Dumping data for table `brands`
--

INSERT INTO `brands` (`id`, `name`, `created_at`, `updated_at`) VALUES
(1, 'ASTRON', '2022-03-26 05:34:40', '2022-03-26 05:34:40'),
(2, 'VETPHAMA BIOTHECNOLOGHY', '2022-03-26 05:46:35', '2022-03-26 05:46:35'),
(3, 'FARMCHEMIE (PVT) LTD', '2022-03-26 05:55:12', '2022-03-26 05:55:12'),
(4, 'AGRO NUTRITION (PVT) LTD', '2022-03-26 05:59:07', '2022-03-26 05:59:07'),
(5, 'HAYLEYS', '2022-03-26 06:02:49', '2022-03-26 06:02:49'),
(6, 'CHEMIFARMA (PVT) LTD', '2022-03-26 06:07:28', '2022-03-26 06:07:28'),
(7, 'MIRACLE', '2022-03-26 06:13:57', '2022-03-26 06:13:57'),
(8, 'BIONUTRITION', '2022-03-26 06:15:12', '2022-03-26 06:15:12'),
(9, 'CITY HEALTH', '2022-03-26 06:49:48', '2022-03-26 06:49:48'),
(10, 'V TEC LANKA', '2022-03-26 07:10:24', '2022-03-26 07:10:24'),
(11, 'BREMER LANKA', '2022-03-26 07:11:56', '2022-03-26 07:11:56'),
(12, 'EMERCHEMIE', '2022-03-26 07:14:23', '2022-03-26 07:14:23'),
(13, 'GREENVET', '2022-03-26 07:23:36', '2022-03-26 07:23:36'),
(14, 'DYMEC', '2022-03-26 07:31:08', '2022-03-26 07:31:08'),
(15, 'UNICAL', '2022-03-26 07:38:22', '2022-03-26 07:38:22'),
(16, 'KENTOVET', '2022-03-26 07:59:41', '2022-03-26 07:59:41'),
(17, 'BROWNS', '2022-03-26 08:05:48', '2022-03-26 08:05:48'),
(18, 'CEPET', '2022-03-26 08:08:23', '2022-03-26 08:08:23'),
(19, 'VET GROW', '2022-03-26 08:13:27', '2022-03-26 08:13:27'),
(20, 'CIC VETCARE', '2022-03-26 08:18:06', '2022-03-26 08:18:06'),
(21, 'C-BAY', '2022-03-26 08:22:17', '2022-03-26 08:22:17'),
(22, 'GENERAL', '2022-03-26 08:59:30', '2022-03-26 08:59:30'),
(23, 'PETRO', '2022-03-26 09:04:17', '2022-03-26 09:04:17'),
(24, 'VET MEDICARE', '2022-03-26 09:10:56', '2022-03-26 09:10:56'),
(25, 'BESTCARE', '2022-03-26 09:14:01', '2022-03-26 09:14:01'),
(26, 'ISURU VET PHARMA', '2022-03-26 09:22:45', '2022-03-26 09:22:45'),
(27, 'AGRINOVA', '2022-03-26 09:38:23', '2022-03-26 09:38:23'),
(28, 'YETHUM', '2022-03-26 12:25:51', '2022-03-26 12:25:51'),
(29, 'HIMA', '2022-03-29 04:26:03', '2022-03-29 04:26:03'),
(30, 'MACKEY', '2022-03-29 04:42:37', '2022-03-29 04:42:37'),
(31, 'PET PALACE', '2022-03-29 04:47:39', '2022-03-29 04:47:39'),
(32, 'ROYAL CANIN', '2022-03-29 05:41:27', '2022-03-29 05:41:27'),
(33, 'PEDIGREE', '2022-03-29 05:47:43', '2022-03-29 05:47:43'),
(34, 'test', '2022-03-29 07:39:34', '2022-03-29 07:39:34');

-- --------------------------------------------------------

--
-- Table structure for table `cash_in_outs`
--

CREATE TABLE `cash_in_outs` (
  `id` bigint(20) UNSIGNED NOT NULL,
  `type` varchar(15) COLLATE utf8mb4_unicode_ci NOT NULL,
  `amount` decimal(10,2) NOT NULL,
  `description` varchar(250) COLLATE utf8mb4_unicode_ci NOT NULL,
  `created_at` timestamp NULL DEFAULT NULL,
  `updated_at` timestamp NULL DEFAULT NULL
) ENGINE=InnoDB DEFAULT CHARSET=utf8mb4 COLLATE=utf8mb4_unicode_ci;

--
-- Dumping data for table `cash_in_outs`
--

INSERT INTO `cash_in_outs` (`id`, `type`, `amount`, `description`, `created_at`, `updated_at`) VALUES
(1, 'cashin', '2016.00', 'Delete product code:PF004 /QTY:6.000 /cost:336.00 /EXP:2020-09-20', '2022-05-03 07:57:12', '2022-05-03 07:57:12'),
(2, 'cashin', '2100.00', 'Delete product code:PA026 /QTY:5.000 /cost:420.00 /EXP:2030-12-31', '2022-05-23 12:41:14', '2022-05-23 12:41:14');

-- --------------------------------------------------------

--
-- Table structure for table `categories`
--

CREATE TABLE `categories` (
  `id` bigint(20) UNSIGNED NOT NULL,
  `name` varchar(50) COLLATE utf8mb4_unicode_ci NOT NULL,
  `created_at` timestamp NULL DEFAULT NULL,
  `updated_at` timestamp NULL DEFAULT NULL
) ENGINE=InnoDB DEFAULT CHARSET=utf8mb4 COLLATE=utf8mb4_unicode_ci;

--
-- Dumping data for table `categories`
--

INSERT INTO `categories` (`id`, `name`, `created_at`, `updated_at`) VALUES
(1, 'new1', '2022-03-26 05:15:39', '2022-03-26 05:15:39'),
(2, 'CATTLE MINERAL', '2022-03-26 05:28:18', '2022-03-26 05:28:18'),
(3, 'CALCIUM SUPPLIMENT', '2022-03-26 06:12:10', '2022-03-26 06:12:10'),
(4, 'MULTI VITAMIN', '2022-03-26 06:19:34', '2022-03-26 06:19:34'),
(5, 'VITAMIN B', '2022-03-26 07:28:35', '2022-03-26 07:28:35'),
(6, 'VITAMIN E', '2022-03-26 07:29:38', '2022-03-26 07:29:38'),
(7, 'ANTHELMENTICIS', '2022-03-26 07:36:41', '2022-03-26 07:36:41'),
(8, 'WOOND HEALING', '2022-03-26 07:54:15', '2022-03-26 07:54:15'),
(9, 'PET FOOD', '2022-03-26 08:04:07', '2022-03-26 08:04:07'),
(10, 'PET VITAMIN', '2022-03-26 08:11:53', '2022-03-26 08:11:53'),
(11, 'ECTOPARACITE', '2022-03-26 08:43:38', '2022-03-26 08:43:38'),
(12, 'DISINFECTION', '2022-03-26 09:12:12', '2022-03-26 09:12:12'),
(13, 'INJECTABLE', '2022-03-26 09:18:03', '2022-03-26 09:18:03'),
(14, 'LARGE DEWORMIN', '2022-03-26 09:44:08', '2022-03-26 09:44:08'),
(15, 'UDDER INFUTION', '2022-03-26 09:57:41', '2022-03-26 09:57:41'),
(16, 'ANTICOXIDIAL', '2022-03-26 10:01:59', '2022-03-26 10:01:59'),
(17, 'ANTISTRESS', '2022-03-26 10:05:14', '2022-03-26 10:05:14'),
(18, 'ANTI MICROBIAL', '2022-03-26 12:00:06', '2022-03-26 12:00:06'),
(19, 'SKIN CARE', '2022-03-26 12:20:50', '2022-03-26 12:20:50'),
(20, 'PET ACCESSORIES', '2022-03-28 11:39:12', '2022-03-28 11:39:12'),
(21, 'LARGE ANIMAL', '2022-03-29 05:28:44', '2022-03-29 05:28:44'),
(22, 'PUPPY MILK', '2022-03-29 06:14:55', '2022-03-29 06:14:55');

-- --------------------------------------------------------

--
-- Table structure for table `customers`
--

CREATE TABLE `customers` (
  `id` bigint(20) UNSIGNED NOT NULL,
  `name` varchar(50) COLLATE utf8mb4_unicode_ci NOT NULL,
  `phone_number` varchar(20) COLLATE utf8mb4_unicode_ci DEFAULT NULL,
  `description` varchar(200) COLLATE utf8mb4_unicode_ci DEFAULT NULL,
  `created_at` timestamp NULL DEFAULT NULL,
  `updated_at` timestamp NULL DEFAULT NULL
) ENGINE=InnoDB DEFAULT CHARSET=utf8mb4 COLLATE=utf8mb4_unicode_ci;

--
-- Dumping data for table `customers`
--

INSERT INTO `customers` (`id`, `name`, `phone_number`, `description`, `created_at`, `updated_at`) VALUES
(1, 'New Customer', '0111111111', NULL, '2022-03-26 05:17:15', '2022-03-26 05:17:15');

-- --------------------------------------------------------

--
-- Table structure for table `failed_jobs`
--

CREATE TABLE `failed_jobs` (
  `id` bigint(20) UNSIGNED NOT NULL,
  `uuid` varchar(255) COLLATE utf8mb4_unicode_ci NOT NULL,
  `connection` text COLLATE utf8mb4_unicode_ci NOT NULL,
  `queue` text COLLATE utf8mb4_unicode_ci NOT NULL,
  `payload` longtext COLLATE utf8mb4_unicode_ci NOT NULL,
  `exception` longtext COLLATE utf8mb4_unicode_ci NOT NULL,
  `failed_at` timestamp NOT NULL DEFAULT current_timestamp()
) ENGINE=InnoDB DEFAULT CHARSET=utf8mb4 COLLATE=utf8mb4_unicode_ci;

-- --------------------------------------------------------

--
-- Table structure for table `invoices`
--

CREATE TABLE `invoices` (
  `id` bigint(20) UNSIGNED NOT NULL,
  `sub_total` decimal(10,2) NOT NULL,
  `discount` decimal(10,2) NOT NULL,
  `total` decimal(10,2) NOT NULL,
  `pay_amount` decimal(10,2) NOT NULL,
  `balance` decimal(10,2) NOT NULL,
  `is_paid` tinyint(1) NOT NULL DEFAULT 1,
  `paid_at` datetime DEFAULT NULL,
  `user_id` bigint(20) UNSIGNED NOT NULL,
  `customer_id` bigint(20) UNSIGNED NOT NULL,
  `created_at` timestamp NULL DEFAULT NULL,
  `updated_at` timestamp NULL DEFAULT NULL
) ENGINE=InnoDB DEFAULT CHARSET=utf8mb4 COLLATE=utf8mb4_unicode_ci;

--
-- Dumping data for table `invoices`
--

INSERT INTO `invoices` (`id`, `sub_total`, `discount`, `total`, `pay_amount`, `balance`, `is_paid`, `paid_at`, `user_id`, `customer_id`, `created_at`, `updated_at`) VALUES
(1, '0.00', '0.00', '0.00', '0.00', '0.00', 1, '2022-05-03 14:13:53', 1, 1, '2022-05-03 08:43:53', '2022-05-03 08:43:53'),
(2, '0.00', '0.00', '0.00', '0.00', '0.00', 1, '2022-05-03 14:19:21', 1, 1, '2022-05-03 08:49:21', '2022-05-03 08:49:21'),
(3, '0.00', '0.00', '0.00', '0.00', '0.00', 1, '2022-05-03 14:33:06', 1, 1, '2022-05-03 09:03:06', '2022-05-03 09:03:06'),
(4, '350.00', '0.00', '350.00', '0.00', '-350.00', 1, '2022-05-03 14:46:11', 1, 1, '2022-05-03 09:16:11', '2022-05-03 09:16:11'),
(5, '-350.00', '0.00', '-350.00', '0.00', '350.00', 1, '2022-05-03 14:48:03', 1, 1, '2022-05-03 09:18:03', '2022-05-03 09:18:03'),
(6, '350.00', '0.00', '350.00', '0.00', '-350.00', 1, '2022-05-04 15:52:43', 1, 1, '2022-05-04 10:22:43', '2022-05-04 10:22:43'),
(7, '400.00', '0.00', '400.00', '0.00', '-400.00', 1, '2022-05-04 15:58:52', 1, 1, '2022-05-04 10:28:52', '2022-05-04 10:28:52'),
(8, '750.00', '0.00', '750.00', '0.00', '-750.00', 1, '2022-05-04 16:03:17', 1, 1, '2022-05-04 10:33:17', '2022-05-04 10:33:17'),
(9, '1195.00', '0.00', '1195.00', '0.00', '-1195.00', 1, '2022-05-04 16:08:24', 1, 1, '2022-05-04 10:38:24', '2022-05-04 10:38:24'),
(10, '4870.00', '0.00', '4870.00', '4870.00', '0.00', 1, '2022-05-23 17:02:25', 1, 1, '2022-05-23 11:32:25', '2022-05-23 11:32:25'),
(11, '5380.00', '0.00', '5380.00', '0.00', '-5380.00', 1, '2022-05-23 18:08:03', 1, 1, '2022-05-23 12:38:03', '2022-05-23 12:38:03'),
(12, '20870.00', '0.00', '20870.00', '0.00', '-20870.00', 1, '2022-05-23 18:34:07', 1, 1, '2022-05-23 13:04:07', '2022-05-23 13:04:07'),
(13, '38100.00', '0.00', '38100.00', '0.00', '-38100.00', 1, '2022-05-23 18:59:40', 1, 1, '2022-05-23 13:29:40', '2022-05-23 13:29:40'),
(14, '31025.00', '0.00', '31025.00', '31025.00', '0.00', 1, '2022-05-23 20:07:35', 1, 1, '2022-05-23 14:37:35', '2022-05-23 14:37:35'),
(15, '60545.00', '0.00', '60545.00', '60545.00', '0.00', 1, '2022-05-31 10:01:00', 1, 1, '2022-05-31 04:31:00', '2022-05-31 04:31:00'),
(16, '60545.00', '0.00', '60545.00', '60545.00', '0.00', 1, '2022-05-31 10:01:05', 1, 1, '2022-05-31 04:31:05', '2022-05-31 04:31:05'),
(17, '60545.00', '0.00', '60545.00', '60545.00', '0.00', 1, '2022-05-31 10:01:27', 1, 1, '2022-05-31 04:31:27', '2022-05-31 04:31:27'),
(18, '60545.00', '0.00', '60545.00', '60545.00', '0.00', 1, '2022-05-31 10:01:28', 1, 1, '2022-05-31 04:31:28', '2022-05-31 04:31:28'),
(19, '60545.00', '0.00', '60545.00', '60545.00', '0.00', 1, '2022-05-31 10:01:30', 1, 1, '2022-05-31 04:31:30', '2022-05-31 04:31:30'),
(20, '60545.00', '0.00', '60545.00', '60545.00', '0.00', 1, '2022-05-31 10:01:30', 1, 1, '2022-05-31 04:31:30', '2022-05-31 04:31:30'),
(21, '60545.00', '0.00', '60545.00', '60545.00', '0.00', 1, '2022-05-31 10:01:41', 1, 1, '2022-05-31 04:31:41', '2022-05-31 04:31:41'),
(22, '60545.00', '0.00', '60545.00', '60545.00', '0.00', 1, '2022-05-31 10:01:42', 1, 1, '2022-05-31 04:31:42', '2022-05-31 04:31:42'),
(23, '60545.00', '0.00', '60545.00', '60545.00', '0.00', 1, '2022-05-31 10:01:42', 1, 1, '2022-05-31 04:31:42', '2022-05-31 04:31:42'),
(24, '60545.00', '0.00', '60545.00', '60545.00', '0.00', 1, '2022-05-31 10:02:48', 1, 1, '2022-05-31 04:32:48', '2022-05-31 04:32:48'),
(25, '60545.00', '0.00', '60545.00', '60545.00', '0.00', 1, '2022-05-31 10:03:04', 1, 1, '2022-05-31 04:33:04', '2022-05-31 04:33:04'),
(26, '60545.00', '0.00', '60545.00', '60545.00', '0.00', 1, '2022-05-31 10:03:06', 1, 1, '2022-05-31 04:33:06', '2022-05-31 04:33:06'),
(27, '60545.00', '0.00', '60545.00', '60545.00', '0.00', 1, '2022-05-31 10:03:06', 1, 1, '2022-05-31 04:33:06', '2022-05-31 04:33:06'),
(28, '60545.00', '0.00', '60545.00', '60545.00', '0.00', 1, '2022-05-31 10:09:37', 1, 1, '2022-05-31 04:39:37', '2022-05-31 04:39:37'),
(29, '7325.00', '0.00', '7325.00', '7318.00', '-7.00', 1, '2022-05-31 12:13:49', 1, 1, '2022-05-31 06:43:49', '2022-05-31 06:43:49'),
(30, '4820.00', '0.00', '4820.00', '4820.00', '0.00', 1, '2022-05-31 15:45:53', 1, 1, '2022-05-31 10:15:53', '2022-05-31 10:15:53'),
(31, '-696865.00', '0.00', '-696865.00', '0.00', '696865.00', 1, '2022-05-31 17:03:20', 1, 1, '2022-05-31 11:33:20', '2022-05-31 11:33:20');

-- --------------------------------------------------------

--
-- Table structure for table `invoice_items`
--

CREATE TABLE `invoice_items` (
  `id` bigint(20) UNSIGNED NOT NULL,
  `product_id` bigint(20) UNSIGNED NOT NULL,
  `name` varchar(100) COLLATE utf8mb4_unicode_ci NOT NULL,
  `code` varchar(50) COLLATE utf8mb4_unicode_ci NOT NULL,
  `price` decimal(10,2) NOT NULL,
  `qty` decimal(10,3) NOT NULL,
  `rqty` decimal(10,3) NOT NULL DEFAULT 0.000,
  `discount` decimal(10,2) NOT NULL,
  `sale_price` decimal(10,2) NOT NULL,
  `profit` decimal(10,2) NOT NULL,
  `lot_info_id` bigint(20) UNSIGNED NOT NULL,
  `invoice_id` bigint(20) UNSIGNED NOT NULL,
  `created_at` timestamp NULL DEFAULT NULL,
  `updated_at` timestamp NULL DEFAULT NULL
) ENGINE=InnoDB DEFAULT CHARSET=utf8mb4 COLLATE=utf8mb4_unicode_ci;

--
-- Dumping data for table `invoice_items`
--

INSERT INTO `invoice_items` (`id`, `product_id`, `name`, `code`, `price`, `qty`, `rqty`, `discount`, `sale_price`, `profit`, `lot_info_id`, `invoice_id`, `created_at`, `updated_at`) VALUES
(1, 1, 'CM001 - AMINOL 25Kg', 'CM001', '0.00', '2.000', '0.000', '0.00', '0.00', '0.00', 1, 1, '2022-05-03 08:43:53', '2022-05-03 08:43:53'),
(2, 1, 'CM001 - AMINOL 25Kg', 'CM001', '0.00', '1.000', '0.000', '0.00', '0.00', '0.00', 1, 2, '2022-05-03 08:49:21', '2022-05-03 08:49:21'),
(3, 1, 'CM001 - AMINOL 25Kg', 'CM001', '0.00', '1.000', '0.000', '0.00', '0.00', '0.00', 1, 3, '2022-05-03 09:03:06', '2022-05-03 09:03:06'),
(4, 4, 'CM004 - AMINOL 1Kg', 'CM004', '350.00', '1.000', '0.000', '0.00', '350.00', '60.00', 6, 4, '2022-05-03 09:16:11', '2022-05-03 09:16:11'),
(5, 4, 'CM004 - AMINOL 1Kg', 'CM004', '-350.00', '1.000', '0.000', '0.00', '-350.00', '-640.00', 6, 5, '2022-05-03 09:18:03', '2022-05-03 09:18:03'),
(6, 254, 'PA085 - POLICE DOG BELT MACKEY', 'PA085', '350.00', '1.000', '0.000', '0.00', '350.00', '110.00', 182, 6, '2022-05-04 10:22:43', '2022-05-04 10:22:43'),
(7, 221, 'PA002 - CHEW BONE M', 'PA002', '400.00', '1.000', '0.000', '0.00', '400.00', '80.00', 152, 7, '2022-05-04 10:28:52', '2022-05-04 10:28:52'),
(8, 259, 'PA090 - TWIST CHAIN MACKEY', 'PA090', '750.00', '1.000', '0.000', '0.00', '750.00', '200.00', 187, 8, '2022-05-04 10:33:17', '2022-05-04 10:33:17'),
(9, 260, 'PA091 - PUPPY HARNESS MACKEY', 'PA091', '400.00', '1.000', '0.000', '0.00', '400.00', '80.00', 188, 9, '2022-05-04 10:38:24', '2022-05-04 10:38:24'),
(10, 82, 'PF004 - CLASSIC PET  ADULT 500g', 'PF004', '395.00', '1.000', '0.000', '0.00', '395.00', '75.00', 226, 9, '2022-05-04 10:38:24', '2022-05-04 10:38:24'),
(11, 221, 'PA002 - CHEW BONE M', 'PA002', '400.00', '1.000', '0.000', '0.00', '400.00', '80.00', 152, 9, '2022-05-04 10:38:24', '2022-05-04 10:38:24'),
(12, 199, 'PS006 - TICK & FREE 200ml', 'PS006', '600.00', '1.000', '0.000', '0.00', '600.00', '320.00', 18, 10, '2022-05-23 11:32:25', '2022-05-23 11:32:25'),
(13, 99, 'PV028 - CANNY B&E 90S', 'PV028', '860.00', '1.000', '0.000', '0.00', '860.00', '580.00', 51, 10, '2022-05-23 11:32:25', '2022-05-23 11:32:25'),
(14, 205, 'PS021 - NILMANGE SHAMPOO 100ml', 'PS021', '370.00', '1.000', '0.000', '0.00', '370.00', '90.00', 138, 10, '2022-05-23 11:32:25', '2022-05-23 11:32:25'),
(15, 250, 'PA079 - 3/4 RED BELT', 'PA079', '230.00', '1.000', '0.000', '0.00', '230.00', '-50.00', 178, 10, '2022-05-23 11:32:25', '2022-05-23 11:32:25'),
(16, 71, 'PD011 - DRONTAL PLUS 2TAB', 'PD011', '320.00', '1.000', '0.000', '0.00', '320.00', '40.00', 39, 10, '2022-05-23 11:32:25', '2022-05-23 11:32:25'),
(17, 121, 'EP020 - NEXTGUARD 10-25', 'EP020', '2150.00', '1.000', '0.000', '0.00', '2150.00', '1870.00', 113, 10, '2022-05-23 11:32:25', '2022-05-23 11:32:25'),
(18, 231, 'PA021 - COLLAR HIMA M', 'PA021', '340.00', '1.000', '0.000', '0.00', '340.00', '60.00', 162, 10, '2022-05-23 11:32:25', '2022-05-23 11:32:25'),
(19, 111, 'EP002 - ANTICK 10ml', 'EP002', '350.00', '1.000', '0.000', '0.00', '350.00', '77.00', 41, 11, '2022-05-23 12:38:03', '2022-05-23 12:38:03'),
(20, 93, 'PV018 - CANNY BOOST', 'PV018', '830.00', '1.000', '0.000', '0.00', '830.00', '557.00', 53, 11, '2022-05-23 12:38:03', '2022-05-23 12:38:03'),
(21, 121, 'EP020 - NEXTGUARD 10-25', 'EP020', '2150.00', '1.000', '0.000', '0.00', '2150.00', '1877.00', 113, 11, '2022-05-23 12:38:03', '2022-05-23 12:38:03'),
(22, 254, 'PA085 - POLICE DOG BELT MACKEY', 'PA085', '350.00', '1.000', '0.000', '0.00', '350.00', '77.00', 182, 11, '2022-05-23 12:38:03', '2022-05-23 12:38:03'),
(23, 229, 'PA017 - PET NAIL CLIPPER', 'PA017', '1000.00', '1.000', '0.000', '0.00', '1000.00', '727.00', 160, 11, '2022-05-23 12:38:03', '2022-05-23 12:38:03'),
(24, 118, 'EP016 - DELZ 10ml', 'EP016', '350.00', '2.000', '0.000', '0.00', '700.00', '154.00', 110, 11, '2022-05-23 12:38:03', '2022-05-23 12:38:03'),
(25, 248, 'PA075 - NET MUZZEL M', 'PA075', '280.00', '1.000', '0.000', '0.00', '280.00', '72.00', 176, 12, '2022-05-23 13:04:07', '2022-05-23 13:04:07'),
(26, 103, 'PV033 - NUTRI-COAT AD 200g', 'PV033', '1900.00', '1.000', '0.000', '0.00', '1900.00', '1692.00', 34, 12, '2022-05-23 13:04:07', '2022-05-23 13:04:07'),
(27, 93, 'PV018 - CANNY BOOST', 'PV018', '830.00', '1.000', '0.000', '0.00', '830.00', '622.00', 53, 12, '2022-05-23 13:04:07', '2022-05-23 13:04:07'),
(28, 99, 'PV028 - CANNY B&E 90S', 'PV028', '860.00', '1.000', '0.000', '0.00', '860.00', '652.00', 51, 12, '2022-05-23 13:04:07', '2022-05-23 13:04:07'),
(29, 300, 'PF020 - PEDIGREE PUPPY 400G', 'PF020', '390.00', '1.000', '0.000', '20.00', '370.00', '182.00', 220, 12, '2022-05-23 13:04:07', '2022-05-23 13:04:07'),
(30, 302, 'PF022 - PEDIGREE PUPPY 1.2 KG', 'PF022', '1110.00', '1.000', '0.000', '50.00', '1060.00', '902.00', 222, 12, '2022-05-23 13:04:07', '2022-05-23 13:04:07'),
(31, 302, 'PF022 - PEDIGREE PUPPY 1.2 KG', 'PF022', '1110.00', '1.000', '0.000', '0.00', '1110.00', '902.00', 222, 12, '2022-05-23 13:04:07', '2022-05-23 13:04:07'),
(32, 71, 'PD011 - DRONTAL PLUS 2TAB', 'PD011', '320.00', '2.000', '0.000', '0.00', '640.00', '224.00', 39, 12, '2022-05-23 13:04:07', '2022-05-23 13:04:07'),
(33, 15, 'CM016 - BIOSWINE MINERAL 1KG', 'CM016', '750.00', '1.000', '0.000', '0.00', '750.00', '542.00', 57, 12, '2022-05-23 13:04:07', '2022-05-23 13:04:07'),
(34, 269, 'PA100 - PET STICKER BRUSH - L', 'PA100', '800.00', '1.000', '0.000', '0.00', '800.00', '592.00', 198, 12, '2022-05-23 13:04:07', '2022-05-23 13:04:07'),
(35, 273, 'PA051 - 3.5 MM CHAIN', 'PA051', '320.00', '1.000', '0.000', '0.00', '320.00', '112.00', 205, 12, '2022-05-23 13:04:07', '2022-05-23 13:04:07'),
(36, 250, 'PA079 - 3/4 RED BELT', 'PA079', '230.00', '1.000', '0.000', '0.00', '230.00', '22.00', 178, 12, '2022-05-23 13:04:07', '2022-05-23 13:04:07'),
(37, 71, 'PD011 - DRONTAL PLUS 2TAB', 'PD011', '320.00', '1.000', '0.000', '0.00', '320.00', '112.00', 39, 12, '2022-05-23 13:04:07', '2022-05-23 13:04:07'),
(38, 103, 'PV033 - NUTRI-COAT AD 200g', 'PV033', '1900.00', '1.000', '0.000', '0.00', '1900.00', '1692.00', 34, 12, '2022-05-23 13:04:07', '2022-05-23 13:04:07'),
(39, 302, 'PF022 - PEDIGREE PUPPY 1.2 KG', 'PF022', '1110.00', '1.000', '0.000', '0.00', '1110.00', '902.00', 222, 12, '2022-05-23 13:04:07', '2022-05-23 13:04:07'),
(40, 118, 'EP016 - DELZ 10ml', 'EP016', '350.00', '3.000', '0.000', '0.00', '1050.00', '426.00', 110, 12, '2022-05-23 13:04:07', '2022-05-23 13:04:07'),
(41, 303, 'PF023 - PEDIGREE ADULT 1.2 KG', 'PF023', '1065.00', '1.000', '0.000', '15.00', '1050.00', '857.00', 223, 12, '2022-05-23 13:04:07', '2022-05-23 13:04:07'),
(42, 93, 'PV018 - CANNY BOOST', 'PV018', '830.00', '1.000', '0.000', '0.00', '830.00', '622.00', 53, 12, '2022-05-23 13:04:07', '2022-05-23 13:04:07'),
(43, 99, 'PV028 - CANNY B&E 90S', 'PV028', '860.00', '1.000', '0.000', '0.00', '860.00', '652.00', 51, 12, '2022-05-23 13:04:07', '2022-05-23 13:04:07'),
(44, 71, 'PD011 - DRONTAL PLUS 2TAB', 'PD011', '320.00', '1.000', '0.000', '0.00', '320.00', '112.00', 39, 12, '2022-05-23 13:04:07', '2022-05-23 13:04:07'),
(45, 93, 'PV018 - CANNY BOOST', 'PV018', '830.00', '1.000', '0.000', '0.00', '830.00', '622.00', 53, 12, '2022-05-23 13:04:07', '2022-05-23 13:04:07'),
(46, 37, 'MV031 - UPLIVE FORTE 1L', 'MV031', '1450.00', '1.000', '0.000', '0.00', '1450.00', '1242.00', 61, 12, '2022-05-23 13:04:07', '2022-05-23 13:04:07'),
(47, 218, 'TT008 - MYCOSIN 100g', 'TT008', '1750.00', '1.000', '0.000', '0.00', '1750.00', '1542.00', 219, 12, '2022-05-23 13:04:07', '2022-05-23 13:04:07'),
(48, 275, 'PA104 - 4\' BONE (2PCS)', 'PA104', '250.00', '1.000', '0.000', '0.00', '250.00', '42.00', 207, 12, '2022-05-23 13:04:07', '2022-05-23 13:04:07'),
(49, 218, 'TT008 - MYCOSIN 100g', 'TT008', '1750.00', '1.000', '0.000', '0.00', '1750.00', '1470.00', 219, 13, '2022-05-23 13:29:40', '2022-05-23 13:29:40'),
(50, 71, 'PD011 - DRONTAL PLUS 2TAB', 'PD011', '320.00', '1.000', '0.000', '0.00', '320.00', '40.00', 39, 13, '2022-05-23 13:29:40', '2022-05-23 13:29:40'),
(51, 38, 'MV039 - VITA MULTY VITA STRESS PLUS 1L', 'MV039', '3900.00', '1.000', '0.000', '0.00', '3900.00', '3620.00', 62, 13, '2022-05-23 13:29:40', '2022-05-23 13:29:40'),
(52, 4, 'CM004 - AMINOL 1Kg', 'CM004', '340.00', '2.000', '0.000', '0.00', '680.00', '120.00', 6, 13, '2022-05-23 13:29:40', '2022-05-23 13:29:40'),
(53, 113, 'EP006 - TIXFREE 2-10', 'EP006', '500.00', '1.000', '0.000', '0.00', '500.00', '220.00', 104, 13, '2022-05-23 13:29:40', '2022-05-23 13:29:40'),
(54, 209, 'SD004 - SULPRIM 200ml', 'SD004', '3450.00', '2.000', '0.000', '0.00', '6900.00', '6340.00', 142, 13, '2022-05-23 13:29:40', '2022-05-23 13:29:40'),
(55, 205, 'PS021 - NILMANGE SHAMPOO 100ml', 'PS021', '370.00', '1.000', '0.000', '0.00', '370.00', '90.00', 138, 13, '2022-05-23 13:29:40', '2022-05-23 13:29:40'),
(56, 243, 'PA047 - RAINBOW COLLAR', 'PA047', '250.00', '1.000', '0.000', '0.00', '250.00', '-30.00', 172, 13, '2022-05-23 13:29:40', '2022-05-23 13:29:40'),
(57, 272, 'PA049 - 2.5MM CHAIN', 'PA049', '230.00', '1.000', '0.000', '0.00', '230.00', '-50.00', 204, 13, '2022-05-23 13:29:40', '2022-05-23 13:29:40'),
(58, 209, 'SD004 - SULPRIM 200ml', 'SD004', '3450.00', '2.000', '0.000', '0.00', '6900.00', '6340.00', 142, 13, '2022-05-23 13:29:40', '2022-05-23 13:29:40'),
(59, 76, 'WS002 - ORONDO 250ml', 'WS002', '1300.00', '1.000', '0.000', '0.00', '1300.00', '1020.00', 50, 13, '2022-05-23 13:29:40', '2022-05-23 13:29:40'),
(60, 178, 'DC004 - NEODOX 50g', 'DC004', '1120.00', '1.000', '0.000', '0.00', '1120.00', '840.00', 28, 13, '2022-05-23 13:29:40', '2022-05-23 13:29:40'),
(61, 283, 'PF019 - LABRADOR RETRIEVER', 'PF019', '6450.00', '1.000', '0.000', '0.00', '6450.00', '6170.00', 209, 13, '2022-05-23 13:29:40', '2022-05-23 13:29:40'),
(62, 103, 'PV033 - NUTRI-COAT AD 200g', 'PV033', '1900.00', '1.000', '0.000', '0.00', '1900.00', '1620.00', 34, 13, '2022-05-23 13:29:40', '2022-05-23 13:29:40'),
(63, 99, 'PV028 - CANNY B&E 90S', 'PV028', '860.00', '1.000', '0.000', '0.00', '860.00', '580.00', 51, 13, '2022-05-23 13:29:40', '2022-05-23 13:29:40'),
(64, 273, 'PA051 - 3.5 MM CHAIN', 'PA051', '320.00', '1.000', '0.000', '0.00', '320.00', '40.00', 205, 13, '2022-05-23 13:29:40', '2022-05-23 13:29:40'),
(65, 231, 'PA021 - COLLAR HIMA M', 'PA021', '340.00', '1.000', '0.000', '0.00', '340.00', '60.00', 162, 13, '2022-05-23 13:29:40', '2022-05-23 13:29:40'),
(66, 99, 'PV028 - CANNY B&E 90S', 'PV028', '860.00', '1.000', '0.000', '0.00', '860.00', '580.00', 51, 13, '2022-05-23 13:29:40', '2022-05-23 13:29:40'),
(67, 234, 'PA024 - HARNESS HIMA S', 'PA024', '380.00', '1.000', '0.000', '0.00', '380.00', '100.00', 164, 13, '2022-05-23 13:29:40', '2022-05-23 13:29:40'),
(68, 272, 'PA049 - 2.5MM CHAIN', 'PA049', '230.00', '1.000', '0.000', '0.00', '230.00', '-50.00', 204, 13, '2022-05-23 13:29:40', '2022-05-23 13:29:40'),
(69, 258, 'PA089 - MEDIUM HARNESS CAMA MACKEY', 'PA089', '500.00', '1.000', '0.000', '0.00', '500.00', '220.00', 186, 13, '2022-05-23 13:29:40', '2022-05-23 13:29:40'),
(70, 309, 'PP001 - PUPPY TALC 90G', 'PP001', '380.00', '1.000', '0.000', '0.00', '380.00', '100.00', 214, 13, '2022-05-23 13:29:40', '2022-05-23 13:29:40'),
(71, 253, 'PA084 - HEAVY CHOKER BELT MACKEY', 'PA084', '1050.00', '1.000', '0.000', '50.00', '1000.00', '770.00', 181, 13, '2022-05-23 13:29:40', '2022-05-23 13:29:40'),
(72, 273, 'PA051 - 3.5 MM CHAIN', 'PA051', '320.00', '1.000', '0.000', '0.00', '320.00', '40.00', 205, 13, '2022-05-23 13:29:40', '2022-05-23 13:29:40'),
(73, 231, 'PA021 - COLLAR HIMA M', 'PA021', '340.00', '1.000', '0.000', '0.00', '340.00', '60.00', 162, 13, '2022-05-23 13:29:40', '2022-05-23 13:29:40'),
(74, 103, 'PV033 - NUTRI-COAT AD 200g', 'PV033', '1900.00', '1.000', '0.000', '0.00', '1900.00', '1549.00', 34, 14, '2022-05-23 14:37:35', '2022-05-23 14:37:35'),
(75, 276, 'PA105 - 6\' BONE', 'PA105', '250.00', '1.000', '0.000', '0.00', '250.00', '-101.00', 208, 14, '2022-05-23 14:37:35', '2022-05-23 14:37:35'),
(76, 261, 'PA092 - PET COLLAR WITH BELL', 'PA092', '280.00', '2.000', '0.000', '0.00', '560.00', '-142.00', 190, 14, '2022-05-23 14:37:35', '2022-05-23 14:37:35'),
(77, 89, 'PV008 - CANNY BREW TAB', 'PV008', '420.00', '1.000', '0.000', '0.00', '420.00', '69.00', 52, 14, '2022-05-23 14:37:35', '2022-05-23 14:37:35'),
(78, 199, 'PS006 - TICK & FREE 200ml', 'PS006', '600.00', '1.000', '0.000', '0.00', '600.00', '249.00', 18, 14, '2022-05-23 14:37:35', '2022-05-23 14:37:35'),
(79, 100, 'PV029 - NUTRICOAT 200ml', 'PV029', '1450.00', '1.000', '0.000', '50.00', '1400.00', '1099.00', 36, 14, '2022-05-23 14:37:35', '2022-05-23 14:37:35'),
(80, 69, 'PD009 - UNIVERM TOTAL 1TAB', 'PD009', '110.00', '1.000', '0.000', '10.00', '100.00', '-241.00', 84, 14, '2022-05-23 14:37:35', '2022-05-23 14:37:35'),
(81, 4, 'CM004 - AMINOL 1Kg', 'CM004', '340.00', '1.000', '0.000', '0.00', '340.00', '-11.00', 6, 14, '2022-05-23 14:37:35', '2022-05-23 14:37:35'),
(82, 67, 'PD003 - NICLOLIVA 2TAB', 'PD003', '90.00', '2.000', '0.000', '0.00', '180.00', '-522.00', 83, 14, '2022-05-23 14:37:35', '2022-05-23 14:37:35'),
(83, 254, 'PA085 - POLICE DOG BELT MACKEY', 'PA085', '350.00', '1.000', '0.000', '0.00', '350.00', '-1.00', 182, 14, '2022-05-23 14:37:35', '2022-05-23 14:37:35'),
(84, 113, 'EP006 - TIXFREE 2-10', 'EP006', '500.00', '1.000', '0.000', '0.00', '500.00', '149.00', 104, 14, '2022-05-23 14:37:35', '2022-05-23 14:37:35'),
(85, 109, 'PV036 - CALDIPET 500ml', 'PV036', '800.00', '1.000', '0.000', '0.00', '800.00', '449.00', 103, 14, '2022-05-23 14:37:35', '2022-05-23 14:37:35'),
(86, 89, 'PV008 - CANNY BREW TAB', 'PV008', '420.00', '1.000', '0.000', '0.00', '420.00', '69.00', 52, 14, '2022-05-23 14:37:35', '2022-05-23 14:37:35'),
(87, 196, 'PS003 - TICK OUT 100ml', 'PS003', '350.00', '1.000', '0.000', '0.00', '350.00', '-1.00', 15, 14, '2022-05-23 14:37:35', '2022-05-23 14:37:35'),
(88, 90, 'PV010 - PETVIT 200ml', 'PV010', '750.00', '1.000', '0.000', '0.00', '750.00', '399.00', 97, 14, '2022-05-23 14:37:35', '2022-05-23 14:37:35'),
(89, 311, 'PP003 - TALFO LAVENDER 90G', 'PP003', '360.00', '1.000', '0.000', '0.00', '360.00', '9.00', 218, 14, '2022-05-23 14:37:35', '2022-05-23 14:37:35'),
(90, 220, 'PA001 - CHEW BONE S', 'PA001', '250.00', '1.000', '0.000', '0.00', '250.00', '-101.00', 151, 14, '2022-05-23 14:37:35', '2022-05-23 14:37:35'),
(91, 243, 'PA047 - RAINBOW COLLAR', 'PA047', '250.00', '1.000', '0.000', '0.00', '250.00', '-101.00', 172, 14, '2022-05-23 14:37:35', '2022-05-23 14:37:35'),
(92, 93, 'PV018 - CANNY BOOST', 'PV018', '830.00', '1.000', '0.000', '30.00', '800.00', '479.00', 53, 14, '2022-05-23 14:37:35', '2022-05-23 14:37:35'),
(93, 99, 'PV028 - CANNY B&E 90S', 'PV028', '860.00', '1.000', '0.000', '0.00', '860.00', '509.00', 51, 14, '2022-05-23 14:37:35', '2022-05-23 14:37:35'),
(94, 311, 'PP003 - TALFO LAVENDER 90G', 'PP003', '360.00', '1.000', '0.000', '0.00', '360.00', '9.00', 218, 14, '2022-05-23 14:37:35', '2022-05-23 14:37:35'),
(95, 232, 'PA022 - COLLAR HIMA L', 'PA022', '380.00', '1.000', '0.000', '0.00', '380.00', '29.00', 163, 14, '2022-05-23 14:37:35', '2022-05-23 14:37:35'),
(96, 196, 'PS003 - TICK OUT 100ml', 'PS003', '350.00', '1.000', '0.000', '0.00', '350.00', '-1.00', 15, 14, '2022-05-23 14:37:35', '2022-05-23 14:37:35'),
(97, 114, 'EP007 - TIXFREE 10-20', 'EP007', '600.00', '1.000', '0.000', '0.00', '600.00', '249.00', 105, 14, '2022-05-23 14:37:35', '2022-05-23 14:37:35'),
(98, 71, 'PD011 - DRONTAL PLUS 2TAB', 'PD011', '320.00', '3.000', '0.000', '0.00', '960.00', '-93.00', 39, 14, '2022-05-23 14:37:35', '2022-05-23 14:37:35'),
(99, 93, 'PV018 - CANNY BOOST', 'PV018', '830.00', '1.000', '0.000', '0.00', '830.00', '479.00', 53, 14, '2022-05-23 14:37:35', '2022-05-23 14:37:35'),
(100, 112, 'EP003 - TICKAMIT 10ml', 'EP003', '470.00', '1.000', '0.000', '0.00', '470.00', '119.00', 42, 14, '2022-05-23 14:37:35', '2022-05-23 14:37:35'),
(101, 15, 'CM016 - BIOSWINE MINERAL 1KG', 'CM016', '750.00', '1.000', '0.000', '0.00', '750.00', '399.00', 57, 14, '2022-05-23 14:37:35', '2022-05-23 14:37:35'),
(102, 93, 'PV018 - CANNY BOOST', 'PV018', '830.00', '1.000', '0.000', '0.00', '830.00', '479.00', 53, 14, '2022-05-23 14:37:35', '2022-05-23 14:37:35'),
(103, 69, 'PD009 - UNIVERM TOTAL 1TAB', 'PD009', '110.00', '4.000', '0.000', '0.00', '440.00', '-964.00', 84, 14, '2022-05-23 14:37:35', '2022-05-23 14:37:35'),
(104, 250, 'PA079 - 3/4 RED BELT', 'PA079', '230.00', '1.000', '0.000', '0.00', '230.00', '-121.00', 178, 14, '2022-05-23 14:37:35', '2022-05-23 14:37:35'),
(105, 300, 'PF020 - PEDIGREE PUPPY 400G', 'PF020', '390.00', '1.000', '0.000', '0.00', '390.00', '39.00', 220, 14, '2022-05-23 14:37:35', '2022-05-23 14:37:35'),
(106, 198, 'PS005 - TICK OUT', 'PS005', '280.00', '1.000', '0.000', '0.00', '280.00', '-71.00', 17, 14, '2022-05-23 14:37:35', '2022-05-23 14:37:35'),
(107, 274, 'PA103 - TWIST BONE (10 PCS)', 'PA103', '240.00', '1.000', '0.000', '0.00', '240.00', '-111.00', 206, 14, '2022-05-23 14:37:35', '2022-05-23 14:37:35'),
(108, 302, 'PF022 - PEDIGREE PUPPY 1.2 KG', 'PF022', '1110.00', '1.000', '0.000', '60.00', '1050.00', '759.00', 222, 14, '2022-05-23 14:37:35', '2022-05-23 14:37:35'),
(109, 69, 'PD009 - UNIVERM TOTAL 1TAB', 'PD009', '110.00', '3.000', '0.000', '0.00', '330.00', '-723.00', 84, 14, '2022-05-23 14:37:35', '2022-05-23 14:37:35'),
(110, 67, 'PD003 - NICLOLIVA 2TAB', 'PD003', '90.00', '1.000', '0.000', '0.00', '90.00', '-261.00', 83, 14, '2022-05-23 14:37:35', '2022-05-23 14:37:35'),
(111, 82, 'PF004 - CLASSIC PET  ADULT 500g', 'PF004', '395.00', '1.000', '0.000', '0.00', '395.00', '44.00', 226, 14, '2022-05-23 14:37:35', '2022-05-23 14:37:35'),
(112, 309, 'PP001 - PUPPY TALC 90G', 'PP001', '380.00', '1.000', '0.000', '0.00', '380.00', '29.00', 214, 14, '2022-05-23 14:37:35', '2022-05-23 14:37:35'),
(113, 300, 'PF020 - PEDIGREE PUPPY 400G', 'PF020', '390.00', '1.000', '0.000', '10.00', '380.00', '39.00', 220, 14, '2022-05-23 14:37:35', '2022-05-23 14:37:35'),
(114, 71, 'PD011 - DRONTAL PLUS 2TAB', 'PD011', '320.00', '1.000', '0.000', '0.00', '320.00', '-31.00', 39, 14, '2022-05-23 14:37:35', '2022-05-23 14:37:35'),
(115, 199, 'PS006 - TICK & FREE 200ml', 'PS006', '600.00', '1.000', '0.000', '0.00', '600.00', '249.00', 18, 14, '2022-05-23 14:37:35', '2022-05-23 14:37:35'),
(116, 99, 'PV028 - CANNY B&E 90S', 'PV028', '860.00', '1.000', '0.000', '0.00', '860.00', '509.00', 51, 14, '2022-05-23 14:37:35', '2022-05-23 14:37:35'),
(117, 23, 'MV002 - CHICK TONIC 1L', 'MV002', '2050.00', '2.000', '0.000', '0.00', '4100.00', '3398.00', 58, 14, '2022-05-23 14:37:35', '2022-05-23 14:37:35'),
(118, 251, 'PA082 - HEAVY CHAIN MACKEY', 'PA082', '900.00', '2.000', '0.000', '0.00', '1800.00', '1098.00', 179, 14, '2022-05-23 14:37:35', '2022-05-23 14:37:35'),
(119, 67, 'PD003 - NICLOLIVA 2TAB', 'PD003', '90.00', '1.000', '0.000', '0.00', '90.00', '-261.00', 83, 14, '2022-05-23 14:37:35', '2022-05-23 14:37:35'),
(120, 309, 'PP001 - PUPPY TALC 90G', 'PP001', '380.00', '1.000', '0.000', '0.00', '380.00', '29.00', 214, 14, '2022-05-23 14:37:35', '2022-05-23 14:37:35'),
(121, 112, 'EP003 - TICKAMIT 10ml', 'EP003', '470.00', '1.000', '0.000', '0.00', '470.00', '119.00', 42, 14, '2022-05-23 14:37:35', '2022-05-23 14:37:35'),
(122, 15, 'CM016 - BIOSWINE MINERAL 1KG', 'CM016', '750.00', '1.000', '0.000', '0.00', '750.00', '399.00', 57, 14, '2022-05-23 14:37:35', '2022-05-23 14:37:35'),
(123, 67, 'PD003 - NICLOLIVA 2TAB', 'PD003', '90.00', '1.000', '0.000', '0.00', '90.00', '-261.00', 83, 14, '2022-05-23 14:37:35', '2022-05-23 14:37:35'),
(124, 300, 'PF020 - PEDIGREE PUPPY 400G', 'PF020', '390.00', '1.000', '0.000', '0.00', '390.00', '39.00', 220, 14, '2022-05-23 14:37:35', '2022-05-23 14:37:35'),
(125, 4, 'CM004 - AMINOL 1Kg', 'CM004', '340.00', '1.000', '0.000', '0.00', '340.00', '-433.00', 6, 15, '2022-05-31 04:31:00', '2022-05-31 04:31:00'),
(126, 311, 'PP003 - TALFO LAVENDER 90G', 'PP003', '360.00', '1.000', '0.000', '0.00', '360.00', '-413.00', 218, 15, '2022-05-31 04:31:00', '2022-05-31 04:31:00'),
(127, 80, 'WS012 - GREEN X 100ml', 'WS012', '340.00', '1.000', '0.000', '0.00', '340.00', '-433.00', 90, 15, '2022-05-31 04:31:00', '2022-05-31 04:31:00'),
(128, 118, 'EP016 - DELZ 10ml', 'EP016', '350.00', '4.000', '0.000', '0.00', '1400.00', '-1692.00', 110, 15, '2022-05-31 04:31:00', '2022-05-31 04:31:00'),
(129, 302, 'PF022 - PEDIGREE PUPPY 1.2 KG', 'PF022', '1110.00', '1.000', '0.000', '10.00', '1100.00', '337.00', 222, 15, '2022-05-31 04:31:00', '2022-05-31 04:31:00'),
(130, 69, 'PD009 - UNIVERM TOTAL 1TAB', 'PD009', '110.00', '2.000', '0.000', '0.00', '220.00', '-1326.00', 84, 15, '2022-05-31 04:31:00', '2022-05-31 04:31:00'),
(131, 232, 'PA022 - COLLAR HIMA L', 'PA022', '380.00', '1.000', '0.000', '0.00', '380.00', '-393.00', 163, 15, '2022-05-31 04:31:00', '2022-05-31 04:31:00'),
(132, 124, 'EP038 - NILMANGE LO 30g', 'EP038', '230.00', '1.000', '0.000', '0.00', '230.00', '-543.00', 115, 15, '2022-05-31 04:31:00', '2022-05-31 04:31:00'),
(133, 67, 'PD003 - NICLOLIVA 2TAB', 'PD003', '90.00', '1.000', '0.000', '0.00', '90.00', '-683.00', 83, 15, '2022-05-31 04:31:00', '2022-05-31 04:31:00'),
(134, 71, 'PD011 - DRONTAL PLUS 2TAB', 'PD011', '320.00', '1.000', '0.000', '0.00', '320.00', '-453.00', 39, 15, '2022-05-31 04:31:00', '2022-05-31 04:31:00'),
(135, 121, 'EP020 - NEXTGUARD 10-25', 'EP020', '2150.00', '1.000', '0.000', '0.00', '2150.00', '1377.00', 113, 15, '2022-05-31 04:31:00', '2022-05-31 04:31:00'),
(136, 255, 'PA086 - HEAVY HARNESS LEAD', 'PA086', '1300.00', '1.000', '0.000', '0.00', '1300.00', '527.00', 183, 15, '2022-05-31 04:31:00', '2022-05-31 04:31:00'),
(137, 69, 'PD009 - UNIVERM TOTAL 1TAB', 'PD009', '110.00', '5.000', '0.000', '0.00', '550.00', '-3315.00', 84, 15, '2022-05-31 04:31:00', '2022-05-31 04:31:00'),
(138, 99, 'PV028 - CANNY B&E 90S', 'PV028', '860.00', '1.000', '0.000', '0.00', '860.00', '87.00', 51, 15, '2022-05-31 04:31:00', '2022-05-31 04:31:00'),
(139, 4, 'CM004 - AMINOL 1Kg', 'CM004', '340.00', '1.000', '0.000', '0.00', '340.00', '-433.00', 6, 15, '2022-05-31 04:31:00', '2022-05-31 04:31:00'),
(140, 2, 'AM002 - AMINOL 10Kg(BUCKET)', 'AM002', '3450.00', '1.000', '0.000', '0.00', '3450.00', '2677.00', 4, 15, '2022-05-31 04:31:00', '2022-05-31 04:31:00'),
(141, 221, 'PA002 - CHEW BONE M', 'PA002', '400.00', '1.000', '0.000', '0.00', '400.00', '-373.00', 152, 15, '2022-05-31 04:31:00', '2022-05-31 04:31:00'),
(142, 82, 'PF004 - CLASSIC PET  ADULT 500g', 'PF004', '395.00', '2.000', '0.000', '0.00', '790.00', '-756.00', 226, 15, '2022-05-31 04:31:00', '2022-05-31 04:31:00'),
(143, 70, 'PD012 - NOWORM 1TAB', 'PD012', '90.00', '4.000', '0.000', '0.00', '360.00', '-2732.00', 85, 15, '2022-05-31 04:31:00', '2022-05-31 04:31:00'),
(144, 123, 'EP023 - NEXTGUARD 25-50', 'EP023', '2650.00', '1.000', '0.000', '0.00', '2650.00', '1877.00', 114, 15, '2022-05-31 04:31:00', '2022-05-31 04:31:00'),
(145, 73, 'WH006 - REGEN 40g', 'WH006', '250.00', '1.000', '0.000', '0.00', '250.00', '-523.00', 49, 15, '2022-05-31 04:31:00', '2022-05-31 04:31:00'),
(146, 23, 'MV002 - CHICK TONIC 1L', 'MV002', '2050.00', '2.000', '0.000', '0.00', '4100.00', '2554.00', 58, 15, '2022-05-31 04:31:00', '2022-05-31 04:31:00'),
(147, 64, 'LS006 - HELMASOL 100g', 'LS006', '390.00', '3.000', '0.000', '0.00', '1170.00', '-1149.00', 80, 15, '2022-05-31 04:31:00', '2022-05-31 04:31:00'),
(148, 158, 'LD016 - ANALAGON 150mg', 'LD016', '145.00', '3.000', '0.000', '0.00', '435.00', '-1884.00', 46, 15, '2022-05-31 04:31:00', '2022-05-31 04:31:00'),
(149, 71, 'PD011 - DRONTAL PLUS 2TAB', 'PD011', '320.00', '1.000', '0.000', '0.00', '320.00', '-453.00', 39, 15, '2022-05-31 04:31:00', '2022-05-31 04:31:00'),
(150, 93, 'PV018 - CANNY BOOST', 'PV018', '830.00', '1.000', '0.000', '0.00', '830.00', '57.00', 53, 15, '2022-05-31 04:31:00', '2022-05-31 04:31:00'),
(151, 229, 'PA017 - PET NAIL CLIPPER', 'PA017', '1000.00', '1.000', '0.000', '0.00', '1000.00', '227.00', 160, 15, '2022-05-31 04:31:00', '2022-05-31 04:31:00'),
(152, 93, 'PV018 - CANNY BOOST', 'PV018', '830.00', '1.000', '0.000', '30.00', '800.00', '57.00', 53, 15, '2022-05-31 04:31:00', '2022-05-31 04:31:00'),
(153, 71, 'PD011 - DRONTAL PLUS 2TAB', 'PD011', '320.00', '1.000', '0.000', '0.00', '320.00', '-453.00', 39, 15, '2022-05-31 04:31:00', '2022-05-31 04:31:00'),
(154, 194, 'EF019 - AVIGANADEXIL 10ml', 'EF019', '130.00', '1.000', '0.000', '0.00', '130.00', '-643.00', 133, 15, '2022-05-31 04:31:00', '2022-05-31 04:31:00'),
(155, 65, 'LS007 - HELMOSOL 10g', 'LS007', '60.00', '1.000', '0.000', '0.00', '60.00', '-713.00', 81, 15, '2022-05-31 04:31:00', '2022-05-31 04:31:00'),
(156, 261, 'PA092 - PET COLLAR WITH BELL', 'PA092', '280.00', '1.000', '0.000', '0.00', '280.00', '-493.00', 190, 15, '2022-05-31 04:31:00', '2022-05-31 04:31:00'),
(157, 196, 'PS003 - TICK OUT 100ml', 'PS003', '350.00', '1.000', '0.000', '0.00', '350.00', '-423.00', 15, 15, '2022-05-31 04:31:00', '2022-05-31 04:31:00'),
(158, 199, 'PS006 - TICK & FREE 200ml', 'PS006', '600.00', '1.000', '0.000', '0.00', '600.00', '-173.00', 18, 15, '2022-05-31 04:31:00', '2022-05-31 04:31:00'),
(159, 115, 'EP008 - TIXFREE 20-40', 'EP008', '700.00', '1.000', '0.000', '0.00', '700.00', '-73.00', 106, 15, '2022-05-31 04:31:00', '2022-05-31 04:31:00'),
(160, 197, 'PS004 - SEBO RID 100ml', 'PS004', '350.00', '1.000', '0.000', '0.00', '350.00', '-423.00', 16, 15, '2022-05-31 04:31:00', '2022-05-31 04:31:00'),
(161, 80, 'WS012 - GREEN X 100ml', 'WS012', '340.00', '1.000', '0.000', '0.00', '340.00', '-433.00', 90, 15, '2022-05-31 04:31:00', '2022-05-31 04:31:00'),
(162, 231, 'PA021 - COLLAR HIMA M', 'PA021', '340.00', '1.000', '0.000', '0.00', '340.00', '-433.00', 162, 15, '2022-05-31 04:31:00', '2022-05-31 04:31:00'),
(163, 87, 'PV006 - ORCALMIN 200ml', 'PV006', '440.00', '1.000', '0.000', '0.00', '440.00', '-333.00', 96, 15, '2022-05-31 04:31:00', '2022-05-31 04:31:00'),
(164, 182, 'CT001 - C TETRA 100g', 'CT001', '420.00', '4.000', '0.000', '0.00', '1680.00', '-1412.00', 127, 15, '2022-05-31 04:31:00', '2022-05-31 04:31:00'),
(165, 100, 'PV029 - NUTRICOAT 200ml', 'PV029', '1450.00', '1.000', '0.000', '0.00', '1450.00', '677.00', 36, 15, '2022-05-31 04:31:00', '2022-05-31 04:31:00'),
(166, 91, 'PV011 - VEROL 200ml', 'PV011', '1300.00', '1.000', '0.000', '0.00', '1300.00', '527.00', 98, 15, '2022-05-31 04:31:00', '2022-05-31 04:31:00'),
(167, 113, 'EP006 - TIXFREE 2-10', 'EP006', '500.00', '1.000', '0.000', '0.00', '500.00', '-273.00', 104, 15, '2022-05-31 04:31:00', '2022-05-31 04:31:00'),
(168, 23, 'MV002 - CHICK TONIC 1L', 'MV002', '2050.00', '1.000', '0.000', '0.00', '2050.00', '1277.00', 58, 15, '2022-05-31 04:31:00', '2022-05-31 04:31:00'),
(169, 4, 'CM004 - AMINOL 1Kg', 'CM004', '340.00', '1.000', '0.000', '0.00', '340.00', '-433.00', 6, 15, '2022-05-31 04:31:00', '2022-05-31 04:31:00'),
(170, 65, 'LS007 - HELMOSOL 10g', 'LS007', '60.00', '1.000', '0.000', '0.00', '60.00', '-713.00', 81, 15, '2022-05-31 04:31:00', '2022-05-31 04:31:00'),
(171, 100, 'PV029 - NUTRICOAT 200ml', 'PV029', '1450.00', '1.000', '0.000', '0.00', '1450.00', '677.00', 36, 15, '2022-05-31 04:31:00', '2022-05-31 04:31:00'),
(172, 87, 'PV006 - ORCALMIN 200ml', 'PV006', '440.00', '1.000', '0.000', '0.00', '440.00', '-333.00', 96, 15, '2022-05-31 04:31:00', '2022-05-31 04:31:00'),
(173, 301, 'PF021 - PEDIGREE ADULT 400G', 'PF021', '375.00', '2.000', '0.000', '0.00', '750.00', '-796.00', 221, 15, '2022-05-31 04:31:00', '2022-05-31 04:31:00'),
(174, 112, 'EP003 - TICKAMIT 10ml', 'EP003', '470.00', '1.000', '0.000', '0.00', '470.00', '-303.00', 42, 15, '2022-05-31 04:31:00', '2022-05-31 04:31:00'),
(175, 79, 'WS007 - REMADIUM 100ml', 'WS007', '340.00', '1.000', '0.000', '0.00', '340.00', '-433.00', 89, 15, '2022-05-31 04:31:00', '2022-05-31 04:31:00'),
(176, 82, 'PF004 - CLASSIC PET  ADULT 500g', 'PF004', '395.00', '1.000', '0.000', '0.00', '395.00', '-378.00', 226, 15, '2022-05-31 04:31:00', '2022-05-31 04:31:00'),
(177, 301, 'PF021 - PEDIGREE ADULT 400G', 'PF021', '375.00', '1.000', '0.000', '0.00', '375.00', '-398.00', 221, 15, '2022-05-31 04:31:00', '2022-05-31 04:31:00'),
(178, 232, 'PA022 - COLLAR HIMA L', 'PA022', '380.00', '1.000', '0.000', '0.00', '380.00', '-393.00', 163, 15, '2022-05-31 04:31:00', '2022-05-31 04:31:00'),
(179, 115, 'EP008 - TIXFREE 20-40', 'EP008', '700.00', '1.000', '0.000', '0.00', '700.00', '-73.00', 106, 15, '2022-05-31 04:31:00', '2022-05-31 04:31:00'),
(180, 112, 'EP003 - TICKAMIT 10ml', 'EP003', '470.00', '1.000', '0.000', '0.00', '470.00', '-303.00', 42, 15, '2022-05-31 04:31:00', '2022-05-31 04:31:00'),
(181, 118, 'EP016 - DELZ 10ml', 'EP016', '350.00', '1.000', '0.000', '0.00', '350.00', '-423.00', 110, 15, '2022-05-31 04:31:00', '2022-05-31 04:31:00'),
(182, 198, 'PS005 - TICK OUT', 'PS005', '280.00', '1.000', '0.000', '0.00', '280.00', '-493.00', 17, 15, '2022-05-31 04:31:00', '2022-05-31 04:31:00'),
(183, 197, 'PS004 - SEBO RID 100ml', 'PS004', '350.00', '1.000', '0.000', '10.00', '340.00', '-423.00', 16, 15, '2022-05-31 04:31:00', '2022-05-31 04:31:00'),
(184, 67, 'PD003 - NICLOLIVA 2TAB', 'PD003', '90.00', '1.000', '0.000', '0.00', '90.00', '-683.00', 83, 15, '2022-05-31 04:31:00', '2022-05-31 04:31:00'),
(185, 93, 'PV018 - CANNY BOOST', 'PV018', '830.00', '1.000', '0.000', '0.00', '830.00', '57.00', 53, 15, '2022-05-31 04:31:00', '2022-05-31 04:31:00'),
(186, 103, 'PV033 - NUTRI-COAT AD 200g', 'PV033', '1900.00', '1.000', '0.000', '0.00', '1900.00', '1127.00', 34, 15, '2022-05-31 04:31:00', '2022-05-31 04:31:00'),
(187, 69, 'PD009 - UNIVERM TOTAL 1TAB', 'PD009', '110.00', '3.000', '0.000', '0.00', '330.00', '-1989.00', 84, 15, '2022-05-31 04:31:00', '2022-05-31 04:31:00'),
(188, 72, 'WH004 - NEGASANT 40g', 'WH004', '410.00', '1.000', '0.000', '0.00', '410.00', '-363.00', 40, 15, '2022-05-31 04:31:00', '2022-05-31 04:31:00'),
(189, 284, 'PF018 - MAXI PUPPY 4KG', 'PF018', '7600.00', '1.000', '0.000', '0.00', '7600.00', '6827.00', 210, 15, '2022-05-31 04:31:00', '2022-05-31 04:31:00'),
(190, 4, 'CM004 - AMINOL 1Kg', 'CM004', '340.00', '1.000', '0.000', '0.00', '340.00', '-433.00', 6, 16, '2022-05-31 04:31:05', '2022-05-31 04:31:05'),
(191, 311, 'PP003 - TALFO LAVENDER 90G', 'PP003', '360.00', '1.000', '0.000', '0.00', '360.00', '-413.00', 218, 16, '2022-05-31 04:31:05', '2022-05-31 04:31:05'),
(192, 80, 'WS012 - GREEN X 100ml', 'WS012', '340.00', '1.000', '0.000', '0.00', '340.00', '-433.00', 90, 16, '2022-05-31 04:31:05', '2022-05-31 04:31:05'),
(193, 118, 'EP016 - DELZ 10ml', 'EP016', '350.00', '4.000', '0.000', '0.00', '1400.00', '-1692.00', 110, 16, '2022-05-31 04:31:05', '2022-05-31 04:31:05'),
(194, 302, 'PF022 - PEDIGREE PUPPY 1.2 KG', 'PF022', '1110.00', '1.000', '0.000', '10.00', '1100.00', '337.00', 222, 16, '2022-05-31 04:31:05', '2022-05-31 04:31:05'),
(195, 69, 'PD009 - UNIVERM TOTAL 1TAB', 'PD009', '110.00', '2.000', '0.000', '0.00', '220.00', '-1326.00', 84, 16, '2022-05-31 04:31:05', '2022-05-31 04:31:05'),
(196, 232, 'PA022 - COLLAR HIMA L', 'PA022', '380.00', '1.000', '0.000', '0.00', '380.00', '-393.00', 163, 16, '2022-05-31 04:31:05', '2022-05-31 04:31:05'),
(197, 124, 'EP038 - NILMANGE LO 30g', 'EP038', '230.00', '1.000', '0.000', '0.00', '230.00', '-543.00', 115, 16, '2022-05-31 04:31:05', '2022-05-31 04:31:05'),
(198, 67, 'PD003 - NICLOLIVA 2TAB', 'PD003', '90.00', '1.000', '0.000', '0.00', '90.00', '-683.00', 83, 16, '2022-05-31 04:31:05', '2022-05-31 04:31:05'),
(199, 71, 'PD011 - DRONTAL PLUS 2TAB', 'PD011', '320.00', '1.000', '0.000', '0.00', '320.00', '-453.00', 39, 16, '2022-05-31 04:31:05', '2022-05-31 04:31:05'),
(200, 121, 'EP020 - NEXTGUARD 10-25', 'EP020', '2150.00', '1.000', '0.000', '0.00', '2150.00', '1377.00', 113, 16, '2022-05-31 04:31:05', '2022-05-31 04:31:05'),
(201, 255, 'PA086 - HEAVY HARNESS LEAD', 'PA086', '1300.00', '1.000', '0.000', '0.00', '1300.00', '527.00', 183, 16, '2022-05-31 04:31:05', '2022-05-31 04:31:05'),
(202, 69, 'PD009 - UNIVERM TOTAL 1TAB', 'PD009', '110.00', '5.000', '0.000', '0.00', '550.00', '-3315.00', 84, 16, '2022-05-31 04:31:05', '2022-05-31 04:31:05'),
(203, 99, 'PV028 - CANNY B&E 90S', 'PV028', '860.00', '1.000', '0.000', '0.00', '860.00', '87.00', 51, 16, '2022-05-31 04:31:05', '2022-05-31 04:31:05'),
(204, 4, 'CM004 - AMINOL 1Kg', 'CM004', '340.00', '1.000', '0.000', '0.00', '340.00', '-433.00', 6, 16, '2022-05-31 04:31:05', '2022-05-31 04:31:05'),
(205, 2, 'AM002 - AMINOL 10Kg(BUCKET)', 'AM002', '3450.00', '1.000', '0.000', '0.00', '3450.00', '2677.00', 4, 16, '2022-05-31 04:31:05', '2022-05-31 04:31:05'),
(206, 221, 'PA002 - CHEW BONE M', 'PA002', '400.00', '1.000', '0.000', '0.00', '400.00', '-373.00', 152, 16, '2022-05-31 04:31:05', '2022-05-31 04:31:05'),
(207, 82, 'PF004 - CLASSIC PET  ADULT 500g', 'PF004', '395.00', '2.000', '0.000', '0.00', '790.00', '-756.00', 226, 16, '2022-05-31 04:31:05', '2022-05-31 04:31:05'),
(208, 70, 'PD012 - NOWORM 1TAB', 'PD012', '90.00', '4.000', '0.000', '0.00', '360.00', '-2732.00', 85, 16, '2022-05-31 04:31:05', '2022-05-31 04:31:05'),
(209, 123, 'EP023 - NEXTGUARD 25-50', 'EP023', '2650.00', '1.000', '0.000', '0.00', '2650.00', '1877.00', 114, 16, '2022-05-31 04:31:05', '2022-05-31 04:31:05'),
(210, 73, 'WH006 - REGEN 40g', 'WH006', '250.00', '1.000', '0.000', '0.00', '250.00', '-523.00', 49, 16, '2022-05-31 04:31:05', '2022-05-31 04:31:05'),
(211, 23, 'MV002 - CHICK TONIC 1L', 'MV002', '2050.00', '2.000', '0.000', '0.00', '4100.00', '2554.00', 58, 16, '2022-05-31 04:31:05', '2022-05-31 04:31:05'),
(212, 64, 'LS006 - HELMASOL 100g', 'LS006', '390.00', '3.000', '0.000', '0.00', '1170.00', '-1149.00', 80, 16, '2022-05-31 04:31:05', '2022-05-31 04:31:05'),
(213, 158, 'LD016 - ANALAGON 150mg', 'LD016', '145.00', '3.000', '0.000', '0.00', '435.00', '-1884.00', 46, 16, '2022-05-31 04:31:05', '2022-05-31 04:31:05'),
(214, 71, 'PD011 - DRONTAL PLUS 2TAB', 'PD011', '320.00', '1.000', '0.000', '0.00', '320.00', '-453.00', 39, 16, '2022-05-31 04:31:05', '2022-05-31 04:31:05'),
(215, 93, 'PV018 - CANNY BOOST', 'PV018', '830.00', '1.000', '0.000', '0.00', '830.00', '57.00', 53, 16, '2022-05-31 04:31:05', '2022-05-31 04:31:05'),
(216, 229, 'PA017 - PET NAIL CLIPPER', 'PA017', '1000.00', '1.000', '0.000', '0.00', '1000.00', '227.00', 160, 16, '2022-05-31 04:31:05', '2022-05-31 04:31:05'),
(217, 93, 'PV018 - CANNY BOOST', 'PV018', '830.00', '1.000', '0.000', '30.00', '800.00', '57.00', 53, 16, '2022-05-31 04:31:05', '2022-05-31 04:31:05'),
(218, 71, 'PD011 - DRONTAL PLUS 2TAB', 'PD011', '320.00', '1.000', '0.000', '0.00', '320.00', '-453.00', 39, 16, '2022-05-31 04:31:05', '2022-05-31 04:31:05'),
(219, 194, 'EF019 - AVIGANADEXIL 10ml', 'EF019', '130.00', '1.000', '0.000', '0.00', '130.00', '-643.00', 133, 16, '2022-05-31 04:31:05', '2022-05-31 04:31:05'),
(220, 65, 'LS007 - HELMOSOL 10g', 'LS007', '60.00', '1.000', '0.000', '0.00', '60.00', '-713.00', 81, 16, '2022-05-31 04:31:05', '2022-05-31 04:31:05'),
(221, 261, 'PA092 - PET COLLAR WITH BELL', 'PA092', '280.00', '1.000', '0.000', '0.00', '280.00', '-493.00', 190, 16, '2022-05-31 04:31:05', '2022-05-31 04:31:05'),
(222, 196, 'PS003 - TICK OUT 100ml', 'PS003', '350.00', '1.000', '0.000', '0.00', '350.00', '-423.00', 15, 16, '2022-05-31 04:31:05', '2022-05-31 04:31:05'),
(223, 199, 'PS006 - TICK & FREE 200ml', 'PS006', '600.00', '1.000', '0.000', '0.00', '600.00', '-173.00', 18, 16, '2022-05-31 04:31:05', '2022-05-31 04:31:05'),
(224, 115, 'EP008 - TIXFREE 20-40', 'EP008', '700.00', '1.000', '0.000', '0.00', '700.00', '-73.00', 106, 16, '2022-05-31 04:31:05', '2022-05-31 04:31:05'),
(225, 197, 'PS004 - SEBO RID 100ml', 'PS004', '350.00', '1.000', '0.000', '0.00', '350.00', '-423.00', 16, 16, '2022-05-31 04:31:05', '2022-05-31 04:31:05'),
(226, 80, 'WS012 - GREEN X 100ml', 'WS012', '340.00', '1.000', '0.000', '0.00', '340.00', '-433.00', 90, 16, '2022-05-31 04:31:05', '2022-05-31 04:31:05'),
(227, 231, 'PA021 - COLLAR HIMA M', 'PA021', '340.00', '1.000', '0.000', '0.00', '340.00', '-433.00', 162, 16, '2022-05-31 04:31:05', '2022-05-31 04:31:05'),
(228, 87, 'PV006 - ORCALMIN 200ml', 'PV006', '440.00', '1.000', '0.000', '0.00', '440.00', '-333.00', 96, 16, '2022-05-31 04:31:05', '2022-05-31 04:31:05'),
(229, 182, 'CT001 - C TETRA 100g', 'CT001', '420.00', '4.000', '0.000', '0.00', '1680.00', '-1412.00', 127, 16, '2022-05-31 04:31:05', '2022-05-31 04:31:05'),
(230, 100, 'PV029 - NUTRICOAT 200ml', 'PV029', '1450.00', '1.000', '0.000', '0.00', '1450.00', '677.00', 36, 16, '2022-05-31 04:31:05', '2022-05-31 04:31:05'),
(231, 91, 'PV011 - VEROL 200ml', 'PV011', '1300.00', '1.000', '0.000', '0.00', '1300.00', '527.00', 98, 16, '2022-05-31 04:31:05', '2022-05-31 04:31:05'),
(232, 113, 'EP006 - TIXFREE 2-10', 'EP006', '500.00', '1.000', '0.000', '0.00', '500.00', '-273.00', 104, 16, '2022-05-31 04:31:05', '2022-05-31 04:31:05'),
(233, 23, 'MV002 - CHICK TONIC 1L', 'MV002', '2050.00', '1.000', '0.000', '0.00', '2050.00', '1277.00', 58, 16, '2022-05-31 04:31:05', '2022-05-31 04:31:05'),
(234, 4, 'CM004 - AMINOL 1Kg', 'CM004', '340.00', '1.000', '0.000', '0.00', '340.00', '-433.00', 6, 16, '2022-05-31 04:31:05', '2022-05-31 04:31:05'),
(235, 65, 'LS007 - HELMOSOL 10g', 'LS007', '60.00', '1.000', '0.000', '0.00', '60.00', '-713.00', 81, 16, '2022-05-31 04:31:05', '2022-05-31 04:31:05'),
(236, 100, 'PV029 - NUTRICOAT 200ml', 'PV029', '1450.00', '1.000', '0.000', '0.00', '1450.00', '677.00', 36, 16, '2022-05-31 04:31:05', '2022-05-31 04:31:05'),
(237, 87, 'PV006 - ORCALMIN 200ml', 'PV006', '440.00', '1.000', '0.000', '0.00', '440.00', '-333.00', 96, 16, '2022-05-31 04:31:05', '2022-05-31 04:31:05'),
(238, 301, 'PF021 - PEDIGREE ADULT 400G', 'PF021', '375.00', '2.000', '0.000', '0.00', '750.00', '-796.00', 221, 16, '2022-05-31 04:31:05', '2022-05-31 04:31:05'),
(239, 112, 'EP003 - TICKAMIT 10ml', 'EP003', '470.00', '1.000', '0.000', '0.00', '470.00', '-303.00', 42, 16, '2022-05-31 04:31:05', '2022-05-31 04:31:05'),
(240, 79, 'WS007 - REMADIUM 100ml', 'WS007', '340.00', '1.000', '0.000', '0.00', '340.00', '-433.00', 89, 16, '2022-05-31 04:31:05', '2022-05-31 04:31:05'),
(241, 82, 'PF004 - CLASSIC PET  ADULT 500g', 'PF004', '395.00', '1.000', '0.000', '0.00', '395.00', '-378.00', 226, 16, '2022-05-31 04:31:05', '2022-05-31 04:31:05'),
(242, 301, 'PF021 - PEDIGREE ADULT 400G', 'PF021', '375.00', '1.000', '0.000', '0.00', '375.00', '-398.00', 221, 16, '2022-05-31 04:31:05', '2022-05-31 04:31:05'),
(243, 232, 'PA022 - COLLAR HIMA L', 'PA022', '380.00', '1.000', '0.000', '0.00', '380.00', '-393.00', 163, 16, '2022-05-31 04:31:05', '2022-05-31 04:31:05'),
(244, 115, 'EP008 - TIXFREE 20-40', 'EP008', '700.00', '1.000', '0.000', '0.00', '700.00', '-73.00', 106, 16, '2022-05-31 04:31:05', '2022-05-31 04:31:05'),
(245, 112, 'EP003 - TICKAMIT 10ml', 'EP003', '470.00', '1.000', '0.000', '0.00', '470.00', '-303.00', 42, 16, '2022-05-31 04:31:05', '2022-05-31 04:31:05'),
(246, 118, 'EP016 - DELZ 10ml', 'EP016', '350.00', '1.000', '0.000', '0.00', '350.00', '-423.00', 110, 16, '2022-05-31 04:31:05', '2022-05-31 04:31:05'),
(247, 198, 'PS005 - TICK OUT', 'PS005', '280.00', '1.000', '0.000', '0.00', '280.00', '-493.00', 17, 16, '2022-05-31 04:31:05', '2022-05-31 04:31:05'),
(248, 197, 'PS004 - SEBO RID 100ml', 'PS004', '350.00', '1.000', '0.000', '10.00', '340.00', '-423.00', 16, 16, '2022-05-31 04:31:05', '2022-05-31 04:31:05'),
(249, 67, 'PD003 - NICLOLIVA 2TAB', 'PD003', '90.00', '1.000', '0.000', '0.00', '90.00', '-683.00', 83, 16, '2022-05-31 04:31:05', '2022-05-31 04:31:05'),
(250, 93, 'PV018 - CANNY BOOST', 'PV018', '830.00', '1.000', '0.000', '0.00', '830.00', '57.00', 53, 16, '2022-05-31 04:31:05', '2022-05-31 04:31:05'),
(251, 103, 'PV033 - NUTRI-COAT AD 200g', 'PV033', '1900.00', '1.000', '0.000', '0.00', '1900.00', '1127.00', 34, 16, '2022-05-31 04:31:05', '2022-05-31 04:31:05'),
(252, 69, 'PD009 - UNIVERM TOTAL 1TAB', 'PD009', '110.00', '3.000', '0.000', '0.00', '330.00', '-1989.00', 84, 16, '2022-05-31 04:31:05', '2022-05-31 04:31:05'),
(253, 72, 'WH004 - NEGASANT 40g', 'WH004', '410.00', '1.000', '0.000', '0.00', '410.00', '-363.00', 40, 16, '2022-05-31 04:31:05', '2022-05-31 04:31:05'),
(254, 284, 'PF018 - MAXI PUPPY 4KG', 'PF018', '7600.00', '1.000', '0.000', '0.00', '7600.00', '6827.00', 210, 16, '2022-05-31 04:31:05', '2022-05-31 04:31:05'),
(255, 4, 'CM004 - AMINOL 1Kg', 'CM004', '340.00', '1.000', '0.000', '0.00', '340.00', '-433.00', 6, 17, '2022-05-31 04:31:27', '2022-05-31 04:31:27'),
(256, 311, 'PP003 - TALFO LAVENDER 90G', 'PP003', '360.00', '1.000', '0.000', '0.00', '360.00', '-413.00', 218, 17, '2022-05-31 04:31:27', '2022-05-31 04:31:27'),
(257, 80, 'WS012 - GREEN X 100ml', 'WS012', '340.00', '1.000', '0.000', '0.00', '340.00', '-433.00', 90, 17, '2022-05-31 04:31:27', '2022-05-31 04:31:27'),
(258, 118, 'EP016 - DELZ 10ml', 'EP016', '350.00', '4.000', '0.000', '0.00', '1400.00', '-1692.00', 110, 17, '2022-05-31 04:31:27', '2022-05-31 04:31:27'),
(259, 302, 'PF022 - PEDIGREE PUPPY 1.2 KG', 'PF022', '1110.00', '1.000', '0.000', '10.00', '1100.00', '337.00', 222, 17, '2022-05-31 04:31:27', '2022-05-31 04:31:27'),
(260, 69, 'PD009 - UNIVERM TOTAL 1TAB', 'PD009', '110.00', '2.000', '0.000', '0.00', '220.00', '-1326.00', 84, 17, '2022-05-31 04:31:27', '2022-05-31 04:31:27'),
(261, 232, 'PA022 - COLLAR HIMA L', 'PA022', '380.00', '1.000', '0.000', '0.00', '380.00', '-393.00', 163, 17, '2022-05-31 04:31:27', '2022-05-31 04:31:27'),
(262, 124, 'EP038 - NILMANGE LO 30g', 'EP038', '230.00', '1.000', '0.000', '0.00', '230.00', '-543.00', 115, 17, '2022-05-31 04:31:27', '2022-05-31 04:31:27'),
(263, 67, 'PD003 - NICLOLIVA 2TAB', 'PD003', '90.00', '1.000', '0.000', '0.00', '90.00', '-683.00', 83, 17, '2022-05-31 04:31:27', '2022-05-31 04:31:27'),
(264, 71, 'PD011 - DRONTAL PLUS 2TAB', 'PD011', '320.00', '1.000', '0.000', '0.00', '320.00', '-453.00', 39, 17, '2022-05-31 04:31:27', '2022-05-31 04:31:27'),
(265, 121, 'EP020 - NEXTGUARD 10-25', 'EP020', '2150.00', '1.000', '0.000', '0.00', '2150.00', '1377.00', 113, 17, '2022-05-31 04:31:27', '2022-05-31 04:31:27'),
(266, 255, 'PA086 - HEAVY HARNESS LEAD', 'PA086', '1300.00', '1.000', '0.000', '0.00', '1300.00', '527.00', 183, 17, '2022-05-31 04:31:27', '2022-05-31 04:31:27'),
(267, 69, 'PD009 - UNIVERM TOTAL 1TAB', 'PD009', '110.00', '5.000', '0.000', '0.00', '550.00', '-3315.00', 84, 17, '2022-05-31 04:31:27', '2022-05-31 04:31:27'),
(268, 99, 'PV028 - CANNY B&E 90S', 'PV028', '860.00', '1.000', '0.000', '0.00', '860.00', '87.00', 51, 17, '2022-05-31 04:31:27', '2022-05-31 04:31:27'),
(269, 4, 'CM004 - AMINOL 1Kg', 'CM004', '340.00', '1.000', '0.000', '0.00', '340.00', '-433.00', 6, 17, '2022-05-31 04:31:27', '2022-05-31 04:31:27'),
(270, 2, 'AM002 - AMINOL 10Kg(BUCKET)', 'AM002', '3450.00', '1.000', '0.000', '0.00', '3450.00', '2677.00', 4, 17, '2022-05-31 04:31:27', '2022-05-31 04:31:27'),
(271, 221, 'PA002 - CHEW BONE M', 'PA002', '400.00', '1.000', '0.000', '0.00', '400.00', '-373.00', 152, 17, '2022-05-31 04:31:27', '2022-05-31 04:31:27'),
(272, 82, 'PF004 - CLASSIC PET  ADULT 500g', 'PF004', '395.00', '2.000', '0.000', '0.00', '790.00', '-756.00', 226, 17, '2022-05-31 04:31:27', '2022-05-31 04:31:27'),
(273, 70, 'PD012 - NOWORM 1TAB', 'PD012', '90.00', '4.000', '0.000', '0.00', '360.00', '-2732.00', 85, 17, '2022-05-31 04:31:27', '2022-05-31 04:31:27'),
(274, 123, 'EP023 - NEXTGUARD 25-50', 'EP023', '2650.00', '1.000', '0.000', '0.00', '2650.00', '1877.00', 114, 17, '2022-05-31 04:31:27', '2022-05-31 04:31:27'),
(275, 73, 'WH006 - REGEN 40g', 'WH006', '250.00', '1.000', '0.000', '0.00', '250.00', '-523.00', 49, 17, '2022-05-31 04:31:27', '2022-05-31 04:31:27'),
(276, 23, 'MV002 - CHICK TONIC 1L', 'MV002', '2050.00', '2.000', '0.000', '0.00', '4100.00', '2554.00', 58, 17, '2022-05-31 04:31:27', '2022-05-31 04:31:27'),
(277, 64, 'LS006 - HELMASOL 100g', 'LS006', '390.00', '3.000', '0.000', '0.00', '1170.00', '-1149.00', 80, 17, '2022-05-31 04:31:27', '2022-05-31 04:31:27'),
(278, 158, 'LD016 - ANALAGON 150mg', 'LD016', '145.00', '3.000', '0.000', '0.00', '435.00', '-1884.00', 46, 17, '2022-05-31 04:31:27', '2022-05-31 04:31:27'),
(279, 71, 'PD011 - DRONTAL PLUS 2TAB', 'PD011', '320.00', '1.000', '0.000', '0.00', '320.00', '-453.00', 39, 17, '2022-05-31 04:31:27', '2022-05-31 04:31:27'),
(280, 93, 'PV018 - CANNY BOOST', 'PV018', '830.00', '1.000', '0.000', '0.00', '830.00', '57.00', 53, 17, '2022-05-31 04:31:27', '2022-05-31 04:31:27'),
(281, 229, 'PA017 - PET NAIL CLIPPER', 'PA017', '1000.00', '1.000', '0.000', '0.00', '1000.00', '227.00', 160, 17, '2022-05-31 04:31:27', '2022-05-31 04:31:27'),
(282, 93, 'PV018 - CANNY BOOST', 'PV018', '830.00', '1.000', '0.000', '30.00', '800.00', '57.00', 53, 17, '2022-05-31 04:31:27', '2022-05-31 04:31:27'),
(283, 71, 'PD011 - DRONTAL PLUS 2TAB', 'PD011', '320.00', '1.000', '0.000', '0.00', '320.00', '-453.00', 39, 17, '2022-05-31 04:31:27', '2022-05-31 04:31:27'),
(284, 194, 'EF019 - AVIGANADEXIL 10ml', 'EF019', '130.00', '1.000', '0.000', '0.00', '130.00', '-643.00', 133, 17, '2022-05-31 04:31:27', '2022-05-31 04:31:27'),
(285, 65, 'LS007 - HELMOSOL 10g', 'LS007', '60.00', '1.000', '0.000', '0.00', '60.00', '-713.00', 81, 17, '2022-05-31 04:31:27', '2022-05-31 04:31:27'),
(286, 261, 'PA092 - PET COLLAR WITH BELL', 'PA092', '280.00', '1.000', '0.000', '0.00', '280.00', '-493.00', 190, 17, '2022-05-31 04:31:27', '2022-05-31 04:31:27'),
(287, 196, 'PS003 - TICK OUT 100ml', 'PS003', '350.00', '1.000', '0.000', '0.00', '350.00', '-423.00', 15, 17, '2022-05-31 04:31:27', '2022-05-31 04:31:27'),
(288, 199, 'PS006 - TICK & FREE 200ml', 'PS006', '600.00', '1.000', '0.000', '0.00', '600.00', '-173.00', 18, 17, '2022-05-31 04:31:27', '2022-05-31 04:31:27'),
(289, 115, 'EP008 - TIXFREE 20-40', 'EP008', '700.00', '1.000', '0.000', '0.00', '700.00', '-73.00', 106, 17, '2022-05-31 04:31:27', '2022-05-31 04:31:27'),
(290, 197, 'PS004 - SEBO RID 100ml', 'PS004', '350.00', '1.000', '0.000', '0.00', '350.00', '-423.00', 16, 17, '2022-05-31 04:31:27', '2022-05-31 04:31:27'),
(291, 80, 'WS012 - GREEN X 100ml', 'WS012', '340.00', '1.000', '0.000', '0.00', '340.00', '-433.00', 90, 17, '2022-05-31 04:31:27', '2022-05-31 04:31:27'),
(292, 231, 'PA021 - COLLAR HIMA M', 'PA021', '340.00', '1.000', '0.000', '0.00', '340.00', '-433.00', 162, 17, '2022-05-31 04:31:27', '2022-05-31 04:31:27'),
(293, 87, 'PV006 - ORCALMIN 200ml', 'PV006', '440.00', '1.000', '0.000', '0.00', '440.00', '-333.00', 96, 17, '2022-05-31 04:31:27', '2022-05-31 04:31:27'),
(294, 182, 'CT001 - C TETRA 100g', 'CT001', '420.00', '4.000', '0.000', '0.00', '1680.00', '-1412.00', 127, 17, '2022-05-31 04:31:27', '2022-05-31 04:31:27'),
(295, 100, 'PV029 - NUTRICOAT 200ml', 'PV029', '1450.00', '1.000', '0.000', '0.00', '1450.00', '677.00', 36, 17, '2022-05-31 04:31:27', '2022-05-31 04:31:27'),
(296, 91, 'PV011 - VEROL 200ml', 'PV011', '1300.00', '1.000', '0.000', '0.00', '1300.00', '527.00', 98, 17, '2022-05-31 04:31:27', '2022-05-31 04:31:27'),
(297, 113, 'EP006 - TIXFREE 2-10', 'EP006', '500.00', '1.000', '0.000', '0.00', '500.00', '-273.00', 104, 17, '2022-05-31 04:31:27', '2022-05-31 04:31:27'),
(298, 23, 'MV002 - CHICK TONIC 1L', 'MV002', '2050.00', '1.000', '0.000', '0.00', '2050.00', '1277.00', 58, 17, '2022-05-31 04:31:27', '2022-05-31 04:31:27'),
(299, 4, 'CM004 - AMINOL 1Kg', 'CM004', '340.00', '1.000', '0.000', '0.00', '340.00', '-433.00', 6, 17, '2022-05-31 04:31:27', '2022-05-31 04:31:27'),
(300, 65, 'LS007 - HELMOSOL 10g', 'LS007', '60.00', '1.000', '0.000', '0.00', '60.00', '-713.00', 81, 17, '2022-05-31 04:31:27', '2022-05-31 04:31:27'),
(301, 100, 'PV029 - NUTRICOAT 200ml', 'PV029', '1450.00', '1.000', '0.000', '0.00', '1450.00', '677.00', 36, 17, '2022-05-31 04:31:27', '2022-05-31 04:31:27'),
(302, 87, 'PV006 - ORCALMIN 200ml', 'PV006', '440.00', '1.000', '0.000', '0.00', '440.00', '-333.00', 96, 17, '2022-05-31 04:31:27', '2022-05-31 04:31:27'),
(303, 301, 'PF021 - PEDIGREE ADULT 400G', 'PF021', '375.00', '2.000', '0.000', '0.00', '750.00', '-796.00', 221, 17, '2022-05-31 04:31:27', '2022-05-31 04:31:27'),
(304, 112, 'EP003 - TICKAMIT 10ml', 'EP003', '470.00', '1.000', '0.000', '0.00', '470.00', '-303.00', 42, 17, '2022-05-31 04:31:27', '2022-05-31 04:31:27'),
(305, 79, 'WS007 - REMADIUM 100ml', 'WS007', '340.00', '1.000', '0.000', '0.00', '340.00', '-433.00', 89, 17, '2022-05-31 04:31:27', '2022-05-31 04:31:27'),
(306, 82, 'PF004 - CLASSIC PET  ADULT 500g', 'PF004', '395.00', '1.000', '0.000', '0.00', '395.00', '-378.00', 226, 17, '2022-05-31 04:31:27', '2022-05-31 04:31:27'),
(307, 301, 'PF021 - PEDIGREE ADULT 400G', 'PF021', '375.00', '1.000', '0.000', '0.00', '375.00', '-398.00', 221, 17, '2022-05-31 04:31:27', '2022-05-31 04:31:27'),
(308, 232, 'PA022 - COLLAR HIMA L', 'PA022', '380.00', '1.000', '0.000', '0.00', '380.00', '-393.00', 163, 17, '2022-05-31 04:31:27', '2022-05-31 04:31:27'),
(309, 115, 'EP008 - TIXFREE 20-40', 'EP008', '700.00', '1.000', '0.000', '0.00', '700.00', '-73.00', 106, 17, '2022-05-31 04:31:27', '2022-05-31 04:31:27'),
(310, 112, 'EP003 - TICKAMIT 10ml', 'EP003', '470.00', '1.000', '0.000', '0.00', '470.00', '-303.00', 42, 17, '2022-05-31 04:31:27', '2022-05-31 04:31:27'),
(311, 118, 'EP016 - DELZ 10ml', 'EP016', '350.00', '1.000', '0.000', '0.00', '350.00', '-423.00', 110, 17, '2022-05-31 04:31:27', '2022-05-31 04:31:27'),
(312, 198, 'PS005 - TICK OUT', 'PS005', '280.00', '1.000', '0.000', '0.00', '280.00', '-493.00', 17, 17, '2022-05-31 04:31:27', '2022-05-31 04:31:27'),
(313, 197, 'PS004 - SEBO RID 100ml', 'PS004', '350.00', '1.000', '0.000', '10.00', '340.00', '-423.00', 16, 17, '2022-05-31 04:31:27', '2022-05-31 04:31:27'),
(314, 67, 'PD003 - NICLOLIVA 2TAB', 'PD003', '90.00', '1.000', '0.000', '0.00', '90.00', '-683.00', 83, 17, '2022-05-31 04:31:27', '2022-05-31 04:31:27'),
(315, 93, 'PV018 - CANNY BOOST', 'PV018', '830.00', '1.000', '0.000', '0.00', '830.00', '57.00', 53, 17, '2022-05-31 04:31:27', '2022-05-31 04:31:27'),
(316, 103, 'PV033 - NUTRI-COAT AD 200g', 'PV033', '1900.00', '1.000', '0.000', '0.00', '1900.00', '1127.00', 34, 17, '2022-05-31 04:31:27', '2022-05-31 04:31:27'),
(317, 69, 'PD009 - UNIVERM TOTAL 1TAB', 'PD009', '110.00', '3.000', '0.000', '0.00', '330.00', '-1989.00', 84, 17, '2022-05-31 04:31:27', '2022-05-31 04:31:27'),
(318, 72, 'WH004 - NEGASANT 40g', 'WH004', '410.00', '1.000', '0.000', '0.00', '410.00', '-363.00', 40, 17, '2022-05-31 04:31:27', '2022-05-31 04:31:27'),
(319, 284, 'PF018 - MAXI PUPPY 4KG', 'PF018', '7600.00', '1.000', '0.000', '0.00', '7600.00', '6827.00', 210, 17, '2022-05-31 04:31:27', '2022-05-31 04:31:27');
INSERT INTO `invoice_items` (`id`, `product_id`, `name`, `code`, `price`, `qty`, `rqty`, `discount`, `sale_price`, `profit`, `lot_info_id`, `invoice_id`, `created_at`, `updated_at`) VALUES
(320, 4, 'CM004 - AMINOL 1Kg', 'CM004', '340.00', '1.000', '0.000', '0.00', '340.00', '-433.00', 6, 18, '2022-05-31 04:31:28', '2022-05-31 04:31:28'),
(321, 311, 'PP003 - TALFO LAVENDER 90G', 'PP003', '360.00', '1.000', '0.000', '0.00', '360.00', '-413.00', 218, 18, '2022-05-31 04:31:28', '2022-05-31 04:31:28'),
(322, 80, 'WS012 - GREEN X 100ml', 'WS012', '340.00', '1.000', '0.000', '0.00', '340.00', '-433.00', 90, 18, '2022-05-31 04:31:28', '2022-05-31 04:31:28'),
(323, 118, 'EP016 - DELZ 10ml', 'EP016', '350.00', '4.000', '0.000', '0.00', '1400.00', '-1692.00', 110, 18, '2022-05-31 04:31:28', '2022-05-31 04:31:28'),
(324, 302, 'PF022 - PEDIGREE PUPPY 1.2 KG', 'PF022', '1110.00', '1.000', '0.000', '10.00', '1100.00', '337.00', 222, 18, '2022-05-31 04:31:28', '2022-05-31 04:31:28'),
(325, 69, 'PD009 - UNIVERM TOTAL 1TAB', 'PD009', '110.00', '2.000', '0.000', '0.00', '220.00', '-1326.00', 84, 18, '2022-05-31 04:31:28', '2022-05-31 04:31:28'),
(326, 232, 'PA022 - COLLAR HIMA L', 'PA022', '380.00', '1.000', '0.000', '0.00', '380.00', '-393.00', 163, 18, '2022-05-31 04:31:28', '2022-05-31 04:31:28'),
(327, 124, 'EP038 - NILMANGE LO 30g', 'EP038', '230.00', '1.000', '0.000', '0.00', '230.00', '-543.00', 115, 18, '2022-05-31 04:31:28', '2022-05-31 04:31:28'),
(328, 67, 'PD003 - NICLOLIVA 2TAB', 'PD003', '90.00', '1.000', '0.000', '0.00', '90.00', '-683.00', 83, 18, '2022-05-31 04:31:28', '2022-05-31 04:31:28'),
(329, 71, 'PD011 - DRONTAL PLUS 2TAB', 'PD011', '320.00', '1.000', '0.000', '0.00', '320.00', '-453.00', 39, 18, '2022-05-31 04:31:28', '2022-05-31 04:31:28'),
(330, 121, 'EP020 - NEXTGUARD 10-25', 'EP020', '2150.00', '1.000', '0.000', '0.00', '2150.00', '1377.00', 113, 18, '2022-05-31 04:31:28', '2022-05-31 04:31:28'),
(331, 255, 'PA086 - HEAVY HARNESS LEAD', 'PA086', '1300.00', '1.000', '0.000', '0.00', '1300.00', '527.00', 183, 18, '2022-05-31 04:31:28', '2022-05-31 04:31:28'),
(332, 69, 'PD009 - UNIVERM TOTAL 1TAB', 'PD009', '110.00', '5.000', '0.000', '0.00', '550.00', '-3315.00', 84, 18, '2022-05-31 04:31:28', '2022-05-31 04:31:28'),
(333, 99, 'PV028 - CANNY B&E 90S', 'PV028', '860.00', '1.000', '0.000', '0.00', '860.00', '87.00', 51, 18, '2022-05-31 04:31:28', '2022-05-31 04:31:28'),
(334, 4, 'CM004 - AMINOL 1Kg', 'CM004', '340.00', '1.000', '0.000', '0.00', '340.00', '-433.00', 6, 18, '2022-05-31 04:31:28', '2022-05-31 04:31:28'),
(335, 2, 'AM002 - AMINOL 10Kg(BUCKET)', 'AM002', '3450.00', '1.000', '0.000', '0.00', '3450.00', '2677.00', 4, 18, '2022-05-31 04:31:28', '2022-05-31 04:31:28'),
(336, 221, 'PA002 - CHEW BONE M', 'PA002', '400.00', '1.000', '0.000', '0.00', '400.00', '-373.00', 152, 18, '2022-05-31 04:31:28', '2022-05-31 04:31:28'),
(337, 82, 'PF004 - CLASSIC PET  ADULT 500g', 'PF004', '395.00', '2.000', '0.000', '0.00', '790.00', '-756.00', 226, 18, '2022-05-31 04:31:28', '2022-05-31 04:31:28'),
(338, 70, 'PD012 - NOWORM 1TAB', 'PD012', '90.00', '4.000', '0.000', '0.00', '360.00', '-2732.00', 85, 18, '2022-05-31 04:31:28', '2022-05-31 04:31:28'),
(339, 123, 'EP023 - NEXTGUARD 25-50', 'EP023', '2650.00', '1.000', '0.000', '0.00', '2650.00', '1877.00', 114, 18, '2022-05-31 04:31:28', '2022-05-31 04:31:28'),
(340, 73, 'WH006 - REGEN 40g', 'WH006', '250.00', '1.000', '0.000', '0.00', '250.00', '-523.00', 49, 18, '2022-05-31 04:31:28', '2022-05-31 04:31:28'),
(341, 23, 'MV002 - CHICK TONIC 1L', 'MV002', '2050.00', '2.000', '0.000', '0.00', '4100.00', '2554.00', 58, 18, '2022-05-31 04:31:28', '2022-05-31 04:31:28'),
(342, 64, 'LS006 - HELMASOL 100g', 'LS006', '390.00', '3.000', '0.000', '0.00', '1170.00', '-1149.00', 80, 18, '2022-05-31 04:31:28', '2022-05-31 04:31:28'),
(343, 158, 'LD016 - ANALAGON 150mg', 'LD016', '145.00', '3.000', '0.000', '0.00', '435.00', '-1884.00', 46, 18, '2022-05-31 04:31:28', '2022-05-31 04:31:28'),
(344, 71, 'PD011 - DRONTAL PLUS 2TAB', 'PD011', '320.00', '1.000', '0.000', '0.00', '320.00', '-453.00', 39, 18, '2022-05-31 04:31:28', '2022-05-31 04:31:28'),
(345, 93, 'PV018 - CANNY BOOST', 'PV018', '830.00', '1.000', '0.000', '0.00', '830.00', '57.00', 53, 18, '2022-05-31 04:31:28', '2022-05-31 04:31:28'),
(346, 229, 'PA017 - PET NAIL CLIPPER', 'PA017', '1000.00', '1.000', '0.000', '0.00', '1000.00', '227.00', 160, 18, '2022-05-31 04:31:28', '2022-05-31 04:31:28'),
(347, 93, 'PV018 - CANNY BOOST', 'PV018', '830.00', '1.000', '0.000', '30.00', '800.00', '57.00', 53, 18, '2022-05-31 04:31:28', '2022-05-31 04:31:28'),
(348, 71, 'PD011 - DRONTAL PLUS 2TAB', 'PD011', '320.00', '1.000', '0.000', '0.00', '320.00', '-453.00', 39, 18, '2022-05-31 04:31:28', '2022-05-31 04:31:28'),
(349, 194, 'EF019 - AVIGANADEXIL 10ml', 'EF019', '130.00', '1.000', '0.000', '0.00', '130.00', '-643.00', 133, 18, '2022-05-31 04:31:28', '2022-05-31 04:31:28'),
(350, 65, 'LS007 - HELMOSOL 10g', 'LS007', '60.00', '1.000', '0.000', '0.00', '60.00', '-713.00', 81, 18, '2022-05-31 04:31:28', '2022-05-31 04:31:28'),
(351, 261, 'PA092 - PET COLLAR WITH BELL', 'PA092', '280.00', '1.000', '0.000', '0.00', '280.00', '-493.00', 190, 18, '2022-05-31 04:31:28', '2022-05-31 04:31:28'),
(352, 196, 'PS003 - TICK OUT 100ml', 'PS003', '350.00', '1.000', '0.000', '0.00', '350.00', '-423.00', 15, 18, '2022-05-31 04:31:28', '2022-05-31 04:31:28'),
(353, 199, 'PS006 - TICK & FREE 200ml', 'PS006', '600.00', '1.000', '0.000', '0.00', '600.00', '-173.00', 18, 18, '2022-05-31 04:31:28', '2022-05-31 04:31:28'),
(354, 115, 'EP008 - TIXFREE 20-40', 'EP008', '700.00', '1.000', '0.000', '0.00', '700.00', '-73.00', 106, 18, '2022-05-31 04:31:28', '2022-05-31 04:31:28'),
(355, 197, 'PS004 - SEBO RID 100ml', 'PS004', '350.00', '1.000', '0.000', '0.00', '350.00', '-423.00', 16, 18, '2022-05-31 04:31:28', '2022-05-31 04:31:28'),
(356, 80, 'WS012 - GREEN X 100ml', 'WS012', '340.00', '1.000', '0.000', '0.00', '340.00', '-433.00', 90, 18, '2022-05-31 04:31:28', '2022-05-31 04:31:28'),
(357, 231, 'PA021 - COLLAR HIMA M', 'PA021', '340.00', '1.000', '0.000', '0.00', '340.00', '-433.00', 162, 18, '2022-05-31 04:31:28', '2022-05-31 04:31:28'),
(358, 87, 'PV006 - ORCALMIN 200ml', 'PV006', '440.00', '1.000', '0.000', '0.00', '440.00', '-333.00', 96, 18, '2022-05-31 04:31:28', '2022-05-31 04:31:28'),
(359, 182, 'CT001 - C TETRA 100g', 'CT001', '420.00', '4.000', '0.000', '0.00', '1680.00', '-1412.00', 127, 18, '2022-05-31 04:31:28', '2022-05-31 04:31:28'),
(360, 100, 'PV029 - NUTRICOAT 200ml', 'PV029', '1450.00', '1.000', '0.000', '0.00', '1450.00', '677.00', 36, 18, '2022-05-31 04:31:28', '2022-05-31 04:31:28'),
(361, 91, 'PV011 - VEROL 200ml', 'PV011', '1300.00', '1.000', '0.000', '0.00', '1300.00', '527.00', 98, 18, '2022-05-31 04:31:28', '2022-05-31 04:31:28'),
(362, 113, 'EP006 - TIXFREE 2-10', 'EP006', '500.00', '1.000', '0.000', '0.00', '500.00', '-273.00', 104, 18, '2022-05-31 04:31:28', '2022-05-31 04:31:28'),
(363, 23, 'MV002 - CHICK TONIC 1L', 'MV002', '2050.00', '1.000', '0.000', '0.00', '2050.00', '1277.00', 58, 18, '2022-05-31 04:31:28', '2022-05-31 04:31:28'),
(364, 4, 'CM004 - AMINOL 1Kg', 'CM004', '340.00', '1.000', '0.000', '0.00', '340.00', '-433.00', 6, 18, '2022-05-31 04:31:28', '2022-05-31 04:31:28'),
(365, 65, 'LS007 - HELMOSOL 10g', 'LS007', '60.00', '1.000', '0.000', '0.00', '60.00', '-713.00', 81, 18, '2022-05-31 04:31:28', '2022-05-31 04:31:28'),
(366, 100, 'PV029 - NUTRICOAT 200ml', 'PV029', '1450.00', '1.000', '0.000', '0.00', '1450.00', '677.00', 36, 18, '2022-05-31 04:31:28', '2022-05-31 04:31:28'),
(367, 87, 'PV006 - ORCALMIN 200ml', 'PV006', '440.00', '1.000', '0.000', '0.00', '440.00', '-333.00', 96, 18, '2022-05-31 04:31:28', '2022-05-31 04:31:28'),
(368, 301, 'PF021 - PEDIGREE ADULT 400G', 'PF021', '375.00', '2.000', '0.000', '0.00', '750.00', '-796.00', 221, 18, '2022-05-31 04:31:28', '2022-05-31 04:31:28'),
(369, 112, 'EP003 - TICKAMIT 10ml', 'EP003', '470.00', '1.000', '0.000', '0.00', '470.00', '-303.00', 42, 18, '2022-05-31 04:31:28', '2022-05-31 04:31:28'),
(370, 79, 'WS007 - REMADIUM 100ml', 'WS007', '340.00', '1.000', '0.000', '0.00', '340.00', '-433.00', 89, 18, '2022-05-31 04:31:28', '2022-05-31 04:31:28'),
(371, 82, 'PF004 - CLASSIC PET  ADULT 500g', 'PF004', '395.00', '1.000', '0.000', '0.00', '395.00', '-378.00', 226, 18, '2022-05-31 04:31:28', '2022-05-31 04:31:28'),
(372, 301, 'PF021 - PEDIGREE ADULT 400G', 'PF021', '375.00', '1.000', '0.000', '0.00', '375.00', '-398.00', 221, 18, '2022-05-31 04:31:28', '2022-05-31 04:31:28'),
(373, 232, 'PA022 - COLLAR HIMA L', 'PA022', '380.00', '1.000', '0.000', '0.00', '380.00', '-393.00', 163, 18, '2022-05-31 04:31:28', '2022-05-31 04:31:28'),
(374, 115, 'EP008 - TIXFREE 20-40', 'EP008', '700.00', '1.000', '0.000', '0.00', '700.00', '-73.00', 106, 18, '2022-05-31 04:31:28', '2022-05-31 04:31:28'),
(375, 112, 'EP003 - TICKAMIT 10ml', 'EP003', '470.00', '1.000', '0.000', '0.00', '470.00', '-303.00', 42, 18, '2022-05-31 04:31:28', '2022-05-31 04:31:28'),
(376, 118, 'EP016 - DELZ 10ml', 'EP016', '350.00', '1.000', '0.000', '0.00', '350.00', '-423.00', 110, 18, '2022-05-31 04:31:28', '2022-05-31 04:31:28'),
(377, 198, 'PS005 - TICK OUT', 'PS005', '280.00', '1.000', '0.000', '0.00', '280.00', '-493.00', 17, 18, '2022-05-31 04:31:28', '2022-05-31 04:31:28'),
(378, 197, 'PS004 - SEBO RID 100ml', 'PS004', '350.00', '1.000', '0.000', '10.00', '340.00', '-423.00', 16, 18, '2022-05-31 04:31:28', '2022-05-31 04:31:28'),
(379, 67, 'PD003 - NICLOLIVA 2TAB', 'PD003', '90.00', '1.000', '0.000', '0.00', '90.00', '-683.00', 83, 18, '2022-05-31 04:31:28', '2022-05-31 04:31:28'),
(380, 93, 'PV018 - CANNY BOOST', 'PV018', '830.00', '1.000', '0.000', '0.00', '830.00', '57.00', 53, 18, '2022-05-31 04:31:28', '2022-05-31 04:31:28'),
(381, 103, 'PV033 - NUTRI-COAT AD 200g', 'PV033', '1900.00', '1.000', '0.000', '0.00', '1900.00', '1127.00', 34, 18, '2022-05-31 04:31:28', '2022-05-31 04:31:28'),
(382, 69, 'PD009 - UNIVERM TOTAL 1TAB', 'PD009', '110.00', '3.000', '0.000', '0.00', '330.00', '-1989.00', 84, 18, '2022-05-31 04:31:28', '2022-05-31 04:31:28'),
(383, 72, 'WH004 - NEGASANT 40g', 'WH004', '410.00', '1.000', '0.000', '0.00', '410.00', '-363.00', 40, 18, '2022-05-31 04:31:28', '2022-05-31 04:31:28'),
(384, 284, 'PF018 - MAXI PUPPY 4KG', 'PF018', '7600.00', '1.000', '0.000', '0.00', '7600.00', '6827.00', 210, 18, '2022-05-31 04:31:28', '2022-05-31 04:31:28'),
(385, 4, 'CM004 - AMINOL 1Kg', 'CM004', '340.00', '1.000', '0.000', '0.00', '340.00', '-433.00', 6, 19, '2022-05-31 04:31:30', '2022-05-31 04:31:30'),
(386, 311, 'PP003 - TALFO LAVENDER 90G', 'PP003', '360.00', '1.000', '0.000', '0.00', '360.00', '-413.00', 218, 19, '2022-05-31 04:31:30', '2022-05-31 04:31:30'),
(387, 80, 'WS012 - GREEN X 100ml', 'WS012', '340.00', '1.000', '0.000', '0.00', '340.00', '-433.00', 90, 19, '2022-05-31 04:31:30', '2022-05-31 04:31:30'),
(388, 118, 'EP016 - DELZ 10ml', 'EP016', '350.00', '4.000', '0.000', '0.00', '1400.00', '-1692.00', 110, 19, '2022-05-31 04:31:30', '2022-05-31 04:31:30'),
(389, 302, 'PF022 - PEDIGREE PUPPY 1.2 KG', 'PF022', '1110.00', '1.000', '0.000', '10.00', '1100.00', '337.00', 222, 19, '2022-05-31 04:31:30', '2022-05-31 04:31:30'),
(390, 69, 'PD009 - UNIVERM TOTAL 1TAB', 'PD009', '110.00', '2.000', '0.000', '0.00', '220.00', '-1326.00', 84, 19, '2022-05-31 04:31:30', '2022-05-31 04:31:30'),
(391, 232, 'PA022 - COLLAR HIMA L', 'PA022', '380.00', '1.000', '0.000', '0.00', '380.00', '-393.00', 163, 19, '2022-05-31 04:31:30', '2022-05-31 04:31:30'),
(392, 124, 'EP038 - NILMANGE LO 30g', 'EP038', '230.00', '1.000', '0.000', '0.00', '230.00', '-543.00', 115, 19, '2022-05-31 04:31:30', '2022-05-31 04:31:30'),
(393, 67, 'PD003 - NICLOLIVA 2TAB', 'PD003', '90.00', '1.000', '0.000', '0.00', '90.00', '-683.00', 83, 19, '2022-05-31 04:31:30', '2022-05-31 04:31:30'),
(394, 71, 'PD011 - DRONTAL PLUS 2TAB', 'PD011', '320.00', '1.000', '0.000', '0.00', '320.00', '-453.00', 39, 19, '2022-05-31 04:31:30', '2022-05-31 04:31:30'),
(395, 121, 'EP020 - NEXTGUARD 10-25', 'EP020', '2150.00', '1.000', '0.000', '0.00', '2150.00', '1377.00', 113, 19, '2022-05-31 04:31:30', '2022-05-31 04:31:30'),
(396, 255, 'PA086 - HEAVY HARNESS LEAD', 'PA086', '1300.00', '1.000', '0.000', '0.00', '1300.00', '527.00', 183, 19, '2022-05-31 04:31:30', '2022-05-31 04:31:30'),
(397, 69, 'PD009 - UNIVERM TOTAL 1TAB', 'PD009', '110.00', '5.000', '0.000', '0.00', '550.00', '-3315.00', 84, 19, '2022-05-31 04:31:30', '2022-05-31 04:31:30'),
(398, 99, 'PV028 - CANNY B&E 90S', 'PV028', '860.00', '1.000', '0.000', '0.00', '860.00', '87.00', 51, 19, '2022-05-31 04:31:30', '2022-05-31 04:31:30'),
(399, 4, 'CM004 - AMINOL 1Kg', 'CM004', '340.00', '1.000', '0.000', '0.00', '340.00', '-433.00', 6, 19, '2022-05-31 04:31:30', '2022-05-31 04:31:30'),
(400, 2, 'AM002 - AMINOL 10Kg(BUCKET)', 'AM002', '3450.00', '1.000', '0.000', '0.00', '3450.00', '2677.00', 4, 19, '2022-05-31 04:31:30', '2022-05-31 04:31:30'),
(401, 221, 'PA002 - CHEW BONE M', 'PA002', '400.00', '1.000', '0.000', '0.00', '400.00', '-373.00', 152, 19, '2022-05-31 04:31:30', '2022-05-31 04:31:30'),
(402, 82, 'PF004 - CLASSIC PET  ADULT 500g', 'PF004', '395.00', '2.000', '0.000', '0.00', '790.00', '-756.00', 226, 19, '2022-05-31 04:31:30', '2022-05-31 04:31:30'),
(403, 70, 'PD012 - NOWORM 1TAB', 'PD012', '90.00', '4.000', '0.000', '0.00', '360.00', '-2732.00', 85, 19, '2022-05-31 04:31:30', '2022-05-31 04:31:30'),
(404, 123, 'EP023 - NEXTGUARD 25-50', 'EP023', '2650.00', '1.000', '0.000', '0.00', '2650.00', '1877.00', 114, 19, '2022-05-31 04:31:30', '2022-05-31 04:31:30'),
(405, 73, 'WH006 - REGEN 40g', 'WH006', '250.00', '1.000', '0.000', '0.00', '250.00', '-523.00', 49, 19, '2022-05-31 04:31:30', '2022-05-31 04:31:30'),
(406, 23, 'MV002 - CHICK TONIC 1L', 'MV002', '2050.00', '2.000', '0.000', '0.00', '4100.00', '2554.00', 58, 19, '2022-05-31 04:31:30', '2022-05-31 04:31:30'),
(407, 64, 'LS006 - HELMASOL 100g', 'LS006', '390.00', '3.000', '0.000', '0.00', '1170.00', '-1149.00', 80, 19, '2022-05-31 04:31:30', '2022-05-31 04:31:30'),
(408, 158, 'LD016 - ANALAGON 150mg', 'LD016', '145.00', '3.000', '0.000', '0.00', '435.00', '-1884.00', 46, 19, '2022-05-31 04:31:30', '2022-05-31 04:31:30'),
(409, 71, 'PD011 - DRONTAL PLUS 2TAB', 'PD011', '320.00', '1.000', '0.000', '0.00', '320.00', '-453.00', 39, 19, '2022-05-31 04:31:30', '2022-05-31 04:31:30'),
(410, 93, 'PV018 - CANNY BOOST', 'PV018', '830.00', '1.000', '0.000', '0.00', '830.00', '57.00', 53, 19, '2022-05-31 04:31:30', '2022-05-31 04:31:30'),
(411, 229, 'PA017 - PET NAIL CLIPPER', 'PA017', '1000.00', '1.000', '0.000', '0.00', '1000.00', '227.00', 160, 19, '2022-05-31 04:31:30', '2022-05-31 04:31:30'),
(412, 93, 'PV018 - CANNY BOOST', 'PV018', '830.00', '1.000', '0.000', '30.00', '800.00', '57.00', 53, 19, '2022-05-31 04:31:30', '2022-05-31 04:31:30'),
(413, 71, 'PD011 - DRONTAL PLUS 2TAB', 'PD011', '320.00', '1.000', '0.000', '0.00', '320.00', '-453.00', 39, 19, '2022-05-31 04:31:30', '2022-05-31 04:31:30'),
(414, 194, 'EF019 - AVIGANADEXIL 10ml', 'EF019', '130.00', '1.000', '0.000', '0.00', '130.00', '-643.00', 133, 19, '2022-05-31 04:31:30', '2022-05-31 04:31:30'),
(415, 65, 'LS007 - HELMOSOL 10g', 'LS007', '60.00', '1.000', '0.000', '0.00', '60.00', '-713.00', 81, 19, '2022-05-31 04:31:30', '2022-05-31 04:31:30'),
(416, 261, 'PA092 - PET COLLAR WITH BELL', 'PA092', '280.00', '1.000', '0.000', '0.00', '280.00', '-493.00', 190, 19, '2022-05-31 04:31:30', '2022-05-31 04:31:30'),
(417, 196, 'PS003 - TICK OUT 100ml', 'PS003', '350.00', '1.000', '0.000', '0.00', '350.00', '-423.00', 15, 19, '2022-05-31 04:31:30', '2022-05-31 04:31:30'),
(418, 199, 'PS006 - TICK & FREE 200ml', 'PS006', '600.00', '1.000', '0.000', '0.00', '600.00', '-173.00', 18, 19, '2022-05-31 04:31:30', '2022-05-31 04:31:30'),
(419, 115, 'EP008 - TIXFREE 20-40', 'EP008', '700.00', '1.000', '0.000', '0.00', '700.00', '-73.00', 106, 19, '2022-05-31 04:31:30', '2022-05-31 04:31:30'),
(420, 197, 'PS004 - SEBO RID 100ml', 'PS004', '350.00', '1.000', '0.000', '0.00', '350.00', '-423.00', 16, 19, '2022-05-31 04:31:30', '2022-05-31 04:31:30'),
(421, 80, 'WS012 - GREEN X 100ml', 'WS012', '340.00', '1.000', '0.000', '0.00', '340.00', '-433.00', 90, 19, '2022-05-31 04:31:30', '2022-05-31 04:31:30'),
(422, 231, 'PA021 - COLLAR HIMA M', 'PA021', '340.00', '1.000', '0.000', '0.00', '340.00', '-433.00', 162, 19, '2022-05-31 04:31:30', '2022-05-31 04:31:30'),
(423, 87, 'PV006 - ORCALMIN 200ml', 'PV006', '440.00', '1.000', '0.000', '0.00', '440.00', '-333.00', 96, 19, '2022-05-31 04:31:30', '2022-05-31 04:31:30'),
(424, 182, 'CT001 - C TETRA 100g', 'CT001', '420.00', '4.000', '0.000', '0.00', '1680.00', '-1412.00', 127, 19, '2022-05-31 04:31:30', '2022-05-31 04:31:30'),
(425, 100, 'PV029 - NUTRICOAT 200ml', 'PV029', '1450.00', '1.000', '0.000', '0.00', '1450.00', '677.00', 36, 19, '2022-05-31 04:31:30', '2022-05-31 04:31:30'),
(426, 91, 'PV011 - VEROL 200ml', 'PV011', '1300.00', '1.000', '0.000', '0.00', '1300.00', '527.00', 98, 19, '2022-05-31 04:31:30', '2022-05-31 04:31:30'),
(427, 113, 'EP006 - TIXFREE 2-10', 'EP006', '500.00', '1.000', '0.000', '0.00', '500.00', '-273.00', 104, 19, '2022-05-31 04:31:30', '2022-05-31 04:31:30'),
(428, 23, 'MV002 - CHICK TONIC 1L', 'MV002', '2050.00', '1.000', '0.000', '0.00', '2050.00', '1277.00', 58, 19, '2022-05-31 04:31:30', '2022-05-31 04:31:30'),
(429, 4, 'CM004 - AMINOL 1Kg', 'CM004', '340.00', '1.000', '0.000', '0.00', '340.00', '-433.00', 6, 19, '2022-05-31 04:31:30', '2022-05-31 04:31:30'),
(430, 65, 'LS007 - HELMOSOL 10g', 'LS007', '60.00', '1.000', '0.000', '0.00', '60.00', '-713.00', 81, 19, '2022-05-31 04:31:30', '2022-05-31 04:31:30'),
(431, 100, 'PV029 - NUTRICOAT 200ml', 'PV029', '1450.00', '1.000', '0.000', '0.00', '1450.00', '677.00', 36, 19, '2022-05-31 04:31:30', '2022-05-31 04:31:30'),
(432, 87, 'PV006 - ORCALMIN 200ml', 'PV006', '440.00', '1.000', '0.000', '0.00', '440.00', '-333.00', 96, 19, '2022-05-31 04:31:30', '2022-05-31 04:31:30'),
(433, 301, 'PF021 - PEDIGREE ADULT 400G', 'PF021', '375.00', '2.000', '0.000', '0.00', '750.00', '-796.00', 221, 19, '2022-05-31 04:31:30', '2022-05-31 04:31:30'),
(434, 112, 'EP003 - TICKAMIT 10ml', 'EP003', '470.00', '1.000', '0.000', '0.00', '470.00', '-303.00', 42, 19, '2022-05-31 04:31:30', '2022-05-31 04:31:30'),
(435, 79, 'WS007 - REMADIUM 100ml', 'WS007', '340.00', '1.000', '0.000', '0.00', '340.00', '-433.00', 89, 19, '2022-05-31 04:31:30', '2022-05-31 04:31:30'),
(436, 82, 'PF004 - CLASSIC PET  ADULT 500g', 'PF004', '395.00', '1.000', '0.000', '0.00', '395.00', '-378.00', 226, 19, '2022-05-31 04:31:30', '2022-05-31 04:31:30'),
(437, 301, 'PF021 - PEDIGREE ADULT 400G', 'PF021', '375.00', '1.000', '0.000', '0.00', '375.00', '-398.00', 221, 19, '2022-05-31 04:31:30', '2022-05-31 04:31:30'),
(438, 232, 'PA022 - COLLAR HIMA L', 'PA022', '380.00', '1.000', '0.000', '0.00', '380.00', '-393.00', 163, 19, '2022-05-31 04:31:30', '2022-05-31 04:31:30'),
(439, 115, 'EP008 - TIXFREE 20-40', 'EP008', '700.00', '1.000', '0.000', '0.00', '700.00', '-73.00', 106, 19, '2022-05-31 04:31:30', '2022-05-31 04:31:30'),
(440, 112, 'EP003 - TICKAMIT 10ml', 'EP003', '470.00', '1.000', '0.000', '0.00', '470.00', '-303.00', 42, 19, '2022-05-31 04:31:30', '2022-05-31 04:31:30'),
(441, 118, 'EP016 - DELZ 10ml', 'EP016', '350.00', '1.000', '0.000', '0.00', '350.00', '-423.00', 110, 19, '2022-05-31 04:31:30', '2022-05-31 04:31:30'),
(442, 198, 'PS005 - TICK OUT', 'PS005', '280.00', '1.000', '0.000', '0.00', '280.00', '-493.00', 17, 19, '2022-05-31 04:31:30', '2022-05-31 04:31:30'),
(443, 197, 'PS004 - SEBO RID 100ml', 'PS004', '350.00', '1.000', '0.000', '10.00', '340.00', '-423.00', 16, 19, '2022-05-31 04:31:30', '2022-05-31 04:31:30'),
(444, 67, 'PD003 - NICLOLIVA 2TAB', 'PD003', '90.00', '1.000', '0.000', '0.00', '90.00', '-683.00', 83, 19, '2022-05-31 04:31:30', '2022-05-31 04:31:30'),
(445, 93, 'PV018 - CANNY BOOST', 'PV018', '830.00', '1.000', '0.000', '0.00', '830.00', '57.00', 53, 19, '2022-05-31 04:31:30', '2022-05-31 04:31:30'),
(446, 103, 'PV033 - NUTRI-COAT AD 200g', 'PV033', '1900.00', '1.000', '0.000', '0.00', '1900.00', '1127.00', 34, 19, '2022-05-31 04:31:30', '2022-05-31 04:31:30'),
(447, 69, 'PD009 - UNIVERM TOTAL 1TAB', 'PD009', '110.00', '3.000', '0.000', '0.00', '330.00', '-1989.00', 84, 19, '2022-05-31 04:31:30', '2022-05-31 04:31:30'),
(448, 72, 'WH004 - NEGASANT 40g', 'WH004', '410.00', '1.000', '0.000', '0.00', '410.00', '-363.00', 40, 19, '2022-05-31 04:31:30', '2022-05-31 04:31:30'),
(449, 4, 'CM004 - AMINOL 1Kg', 'CM004', '340.00', '1.000', '0.000', '0.00', '340.00', '-433.00', 6, 20, '2022-05-31 04:31:30', '2022-05-31 04:31:30'),
(450, 284, 'PF018 - MAXI PUPPY 4KG', 'PF018', '7600.00', '1.000', '0.000', '0.00', '7600.00', '6827.00', 210, 19, '2022-05-31 04:31:30', '2022-05-31 04:31:30'),
(451, 311, 'PP003 - TALFO LAVENDER 90G', 'PP003', '360.00', '1.000', '0.000', '0.00', '360.00', '-413.00', 218, 20, '2022-05-31 04:31:30', '2022-05-31 04:31:30'),
(452, 80, 'WS012 - GREEN X 100ml', 'WS012', '340.00', '1.000', '0.000', '0.00', '340.00', '-433.00', 90, 20, '2022-05-31 04:31:30', '2022-05-31 04:31:30'),
(453, 118, 'EP016 - DELZ 10ml', 'EP016', '350.00', '4.000', '0.000', '0.00', '1400.00', '-1692.00', 110, 20, '2022-05-31 04:31:30', '2022-05-31 04:31:30'),
(454, 302, 'PF022 - PEDIGREE PUPPY 1.2 KG', 'PF022', '1110.00', '1.000', '0.000', '10.00', '1100.00', '337.00', 222, 20, '2022-05-31 04:31:30', '2022-05-31 04:31:30'),
(455, 69, 'PD009 - UNIVERM TOTAL 1TAB', 'PD009', '110.00', '2.000', '0.000', '0.00', '220.00', '-1326.00', 84, 20, '2022-05-31 04:31:30', '2022-05-31 04:31:30'),
(456, 232, 'PA022 - COLLAR HIMA L', 'PA022', '380.00', '1.000', '0.000', '0.00', '380.00', '-393.00', 163, 20, '2022-05-31 04:31:30', '2022-05-31 04:31:30'),
(457, 124, 'EP038 - NILMANGE LO 30g', 'EP038', '230.00', '1.000', '0.000', '0.00', '230.00', '-543.00', 115, 20, '2022-05-31 04:31:30', '2022-05-31 04:31:30'),
(458, 67, 'PD003 - NICLOLIVA 2TAB', 'PD003', '90.00', '1.000', '0.000', '0.00', '90.00', '-683.00', 83, 20, '2022-05-31 04:31:30', '2022-05-31 04:31:30'),
(459, 71, 'PD011 - DRONTAL PLUS 2TAB', 'PD011', '320.00', '1.000', '0.000', '0.00', '320.00', '-453.00', 39, 20, '2022-05-31 04:31:30', '2022-05-31 04:31:30'),
(460, 121, 'EP020 - NEXTGUARD 10-25', 'EP020', '2150.00', '1.000', '0.000', '0.00', '2150.00', '1377.00', 113, 20, '2022-05-31 04:31:30', '2022-05-31 04:31:30'),
(461, 255, 'PA086 - HEAVY HARNESS LEAD', 'PA086', '1300.00', '1.000', '0.000', '0.00', '1300.00', '527.00', 183, 20, '2022-05-31 04:31:30', '2022-05-31 04:31:30'),
(462, 69, 'PD009 - UNIVERM TOTAL 1TAB', 'PD009', '110.00', '5.000', '0.000', '0.00', '550.00', '-3315.00', 84, 20, '2022-05-31 04:31:30', '2022-05-31 04:31:30'),
(463, 99, 'PV028 - CANNY B&E 90S', 'PV028', '860.00', '1.000', '0.000', '0.00', '860.00', '87.00', 51, 20, '2022-05-31 04:31:30', '2022-05-31 04:31:30'),
(464, 4, 'CM004 - AMINOL 1Kg', 'CM004', '340.00', '1.000', '0.000', '0.00', '340.00', '-433.00', 6, 20, '2022-05-31 04:31:30', '2022-05-31 04:31:30'),
(465, 2, 'AM002 - AMINOL 10Kg(BUCKET)', 'AM002', '3450.00', '1.000', '0.000', '0.00', '3450.00', '2677.00', 4, 20, '2022-05-31 04:31:30', '2022-05-31 04:31:30'),
(466, 221, 'PA002 - CHEW BONE M', 'PA002', '400.00', '1.000', '0.000', '0.00', '400.00', '-373.00', 152, 20, '2022-05-31 04:31:30', '2022-05-31 04:31:30'),
(467, 82, 'PF004 - CLASSIC PET  ADULT 500g', 'PF004', '395.00', '2.000', '0.000', '0.00', '790.00', '-756.00', 226, 20, '2022-05-31 04:31:30', '2022-05-31 04:31:30'),
(468, 70, 'PD012 - NOWORM 1TAB', 'PD012', '90.00', '4.000', '0.000', '0.00', '360.00', '-2732.00', 85, 20, '2022-05-31 04:31:30', '2022-05-31 04:31:30'),
(469, 123, 'EP023 - NEXTGUARD 25-50', 'EP023', '2650.00', '1.000', '0.000', '0.00', '2650.00', '1877.00', 114, 20, '2022-05-31 04:31:30', '2022-05-31 04:31:30'),
(470, 73, 'WH006 - REGEN 40g', 'WH006', '250.00', '1.000', '0.000', '0.00', '250.00', '-523.00', 49, 20, '2022-05-31 04:31:30', '2022-05-31 04:31:30'),
(471, 23, 'MV002 - CHICK TONIC 1L', 'MV002', '2050.00', '2.000', '0.000', '0.00', '4100.00', '2554.00', 58, 20, '2022-05-31 04:31:30', '2022-05-31 04:31:30'),
(472, 64, 'LS006 - HELMASOL 100g', 'LS006', '390.00', '3.000', '0.000', '0.00', '1170.00', '-1149.00', 80, 20, '2022-05-31 04:31:30', '2022-05-31 04:31:30'),
(473, 158, 'LD016 - ANALAGON 150mg', 'LD016', '145.00', '3.000', '0.000', '0.00', '435.00', '-1884.00', 46, 20, '2022-05-31 04:31:30', '2022-05-31 04:31:30'),
(474, 71, 'PD011 - DRONTAL PLUS 2TAB', 'PD011', '320.00', '1.000', '0.000', '0.00', '320.00', '-453.00', 39, 20, '2022-05-31 04:31:30', '2022-05-31 04:31:30'),
(475, 93, 'PV018 - CANNY BOOST', 'PV018', '830.00', '1.000', '0.000', '0.00', '830.00', '57.00', 53, 20, '2022-05-31 04:31:30', '2022-05-31 04:31:30'),
(476, 229, 'PA017 - PET NAIL CLIPPER', 'PA017', '1000.00', '1.000', '0.000', '0.00', '1000.00', '227.00', 160, 20, '2022-05-31 04:31:30', '2022-05-31 04:31:30'),
(477, 93, 'PV018 - CANNY BOOST', 'PV018', '830.00', '1.000', '0.000', '30.00', '800.00', '57.00', 53, 20, '2022-05-31 04:31:30', '2022-05-31 04:31:30'),
(478, 71, 'PD011 - DRONTAL PLUS 2TAB', 'PD011', '320.00', '1.000', '0.000', '0.00', '320.00', '-453.00', 39, 20, '2022-05-31 04:31:30', '2022-05-31 04:31:30'),
(479, 194, 'EF019 - AVIGANADEXIL 10ml', 'EF019', '130.00', '1.000', '0.000', '0.00', '130.00', '-643.00', 133, 20, '2022-05-31 04:31:30', '2022-05-31 04:31:30'),
(480, 65, 'LS007 - HELMOSOL 10g', 'LS007', '60.00', '1.000', '0.000', '0.00', '60.00', '-713.00', 81, 20, '2022-05-31 04:31:30', '2022-05-31 04:31:30'),
(481, 261, 'PA092 - PET COLLAR WITH BELL', 'PA092', '280.00', '1.000', '0.000', '0.00', '280.00', '-493.00', 190, 20, '2022-05-31 04:31:30', '2022-05-31 04:31:30'),
(482, 196, 'PS003 - TICK OUT 100ml', 'PS003', '350.00', '1.000', '0.000', '0.00', '350.00', '-423.00', 15, 20, '2022-05-31 04:31:30', '2022-05-31 04:31:30'),
(483, 199, 'PS006 - TICK & FREE 200ml', 'PS006', '600.00', '1.000', '0.000', '0.00', '600.00', '-173.00', 18, 20, '2022-05-31 04:31:30', '2022-05-31 04:31:30'),
(484, 115, 'EP008 - TIXFREE 20-40', 'EP008', '700.00', '1.000', '0.000', '0.00', '700.00', '-73.00', 106, 20, '2022-05-31 04:31:30', '2022-05-31 04:31:30'),
(485, 197, 'PS004 - SEBO RID 100ml', 'PS004', '350.00', '1.000', '0.000', '0.00', '350.00', '-423.00', 16, 20, '2022-05-31 04:31:30', '2022-05-31 04:31:30'),
(486, 80, 'WS012 - GREEN X 100ml', 'WS012', '340.00', '1.000', '0.000', '0.00', '340.00', '-433.00', 90, 20, '2022-05-31 04:31:30', '2022-05-31 04:31:30'),
(487, 231, 'PA021 - COLLAR HIMA M', 'PA021', '340.00', '1.000', '0.000', '0.00', '340.00', '-433.00', 162, 20, '2022-05-31 04:31:30', '2022-05-31 04:31:30'),
(488, 87, 'PV006 - ORCALMIN 200ml', 'PV006', '440.00', '1.000', '0.000', '0.00', '440.00', '-333.00', 96, 20, '2022-05-31 04:31:30', '2022-05-31 04:31:30'),
(489, 182, 'CT001 - C TETRA 100g', 'CT001', '420.00', '4.000', '0.000', '0.00', '1680.00', '-1412.00', 127, 20, '2022-05-31 04:31:30', '2022-05-31 04:31:30'),
(490, 100, 'PV029 - NUTRICOAT 200ml', 'PV029', '1450.00', '1.000', '0.000', '0.00', '1450.00', '677.00', 36, 20, '2022-05-31 04:31:30', '2022-05-31 04:31:30'),
(491, 91, 'PV011 - VEROL 200ml', 'PV011', '1300.00', '1.000', '0.000', '0.00', '1300.00', '527.00', 98, 20, '2022-05-31 04:31:30', '2022-05-31 04:31:30'),
(492, 113, 'EP006 - TIXFREE 2-10', 'EP006', '500.00', '1.000', '0.000', '0.00', '500.00', '-273.00', 104, 20, '2022-05-31 04:31:30', '2022-05-31 04:31:30'),
(493, 23, 'MV002 - CHICK TONIC 1L', 'MV002', '2050.00', '1.000', '0.000', '0.00', '2050.00', '1277.00', 58, 20, '2022-05-31 04:31:30', '2022-05-31 04:31:30'),
(494, 4, 'CM004 - AMINOL 1Kg', 'CM004', '340.00', '1.000', '0.000', '0.00', '340.00', '-433.00', 6, 20, '2022-05-31 04:31:30', '2022-05-31 04:31:30'),
(495, 65, 'LS007 - HELMOSOL 10g', 'LS007', '60.00', '1.000', '0.000', '0.00', '60.00', '-713.00', 81, 20, '2022-05-31 04:31:30', '2022-05-31 04:31:30'),
(496, 100, 'PV029 - NUTRICOAT 200ml', 'PV029', '1450.00', '1.000', '0.000', '0.00', '1450.00', '677.00', 36, 20, '2022-05-31 04:31:30', '2022-05-31 04:31:30'),
(497, 87, 'PV006 - ORCALMIN 200ml', 'PV006', '440.00', '1.000', '0.000', '0.00', '440.00', '-333.00', 96, 20, '2022-05-31 04:31:31', '2022-05-31 04:31:31'),
(498, 301, 'PF021 - PEDIGREE ADULT 400G', 'PF021', '375.00', '2.000', '0.000', '0.00', '750.00', '-796.00', 221, 20, '2022-05-31 04:31:31', '2022-05-31 04:31:31'),
(499, 112, 'EP003 - TICKAMIT 10ml', 'EP003', '470.00', '1.000', '0.000', '0.00', '470.00', '-303.00', 42, 20, '2022-05-31 04:31:31', '2022-05-31 04:31:31'),
(500, 79, 'WS007 - REMADIUM 100ml', 'WS007', '340.00', '1.000', '0.000', '0.00', '340.00', '-433.00', 89, 20, '2022-05-31 04:31:31', '2022-05-31 04:31:31'),
(501, 82, 'PF004 - CLASSIC PET  ADULT 500g', 'PF004', '395.00', '1.000', '0.000', '0.00', '395.00', '-378.00', 226, 20, '2022-05-31 04:31:31', '2022-05-31 04:31:31'),
(502, 301, 'PF021 - PEDIGREE ADULT 400G', 'PF021', '375.00', '1.000', '0.000', '0.00', '375.00', '-398.00', 221, 20, '2022-05-31 04:31:31', '2022-05-31 04:31:31'),
(503, 232, 'PA022 - COLLAR HIMA L', 'PA022', '380.00', '1.000', '0.000', '0.00', '380.00', '-393.00', 163, 20, '2022-05-31 04:31:31', '2022-05-31 04:31:31'),
(504, 115, 'EP008 - TIXFREE 20-40', 'EP008', '700.00', '1.000', '0.000', '0.00', '700.00', '-73.00', 106, 20, '2022-05-31 04:31:31', '2022-05-31 04:31:31'),
(505, 112, 'EP003 - TICKAMIT 10ml', 'EP003', '470.00', '1.000', '0.000', '0.00', '470.00', '-303.00', 42, 20, '2022-05-31 04:31:31', '2022-05-31 04:31:31'),
(506, 118, 'EP016 - DELZ 10ml', 'EP016', '350.00', '1.000', '0.000', '0.00', '350.00', '-423.00', 110, 20, '2022-05-31 04:31:31', '2022-05-31 04:31:31'),
(507, 198, 'PS005 - TICK OUT', 'PS005', '280.00', '1.000', '0.000', '0.00', '280.00', '-493.00', 17, 20, '2022-05-31 04:31:31', '2022-05-31 04:31:31'),
(508, 197, 'PS004 - SEBO RID 100ml', 'PS004', '350.00', '1.000', '0.000', '10.00', '340.00', '-423.00', 16, 20, '2022-05-31 04:31:31', '2022-05-31 04:31:31'),
(509, 67, 'PD003 - NICLOLIVA 2TAB', 'PD003', '90.00', '1.000', '0.000', '0.00', '90.00', '-683.00', 83, 20, '2022-05-31 04:31:31', '2022-05-31 04:31:31'),
(510, 93, 'PV018 - CANNY BOOST', 'PV018', '830.00', '1.000', '0.000', '0.00', '830.00', '57.00', 53, 20, '2022-05-31 04:31:31', '2022-05-31 04:31:31'),
(511, 103, 'PV033 - NUTRI-COAT AD 200g', 'PV033', '1900.00', '1.000', '0.000', '0.00', '1900.00', '1127.00', 34, 20, '2022-05-31 04:31:31', '2022-05-31 04:31:31'),
(512, 69, 'PD009 - UNIVERM TOTAL 1TAB', 'PD009', '110.00', '3.000', '0.000', '0.00', '330.00', '-1989.00', 84, 20, '2022-05-31 04:31:31', '2022-05-31 04:31:31'),
(513, 72, 'WH004 - NEGASANT 40g', 'WH004', '410.00', '1.000', '0.000', '0.00', '410.00', '-363.00', 40, 20, '2022-05-31 04:31:31', '2022-05-31 04:31:31'),
(514, 284, 'PF018 - MAXI PUPPY 4KG', 'PF018', '7600.00', '1.000', '0.000', '0.00', '7600.00', '6827.00', 210, 20, '2022-05-31 04:31:31', '2022-05-31 04:31:31'),
(515, 4, 'CM004 - AMINOL 1Kg', 'CM004', '340.00', '1.000', '0.000', '0.00', '340.00', '-433.00', 6, 21, '2022-05-31 04:31:41', '2022-05-31 04:31:41'),
(516, 311, 'PP003 - TALFO LAVENDER 90G', 'PP003', '360.00', '1.000', '0.000', '0.00', '360.00', '-413.00', 218, 21, '2022-05-31 04:31:41', '2022-05-31 04:31:41'),
(517, 80, 'WS012 - GREEN X 100ml', 'WS012', '340.00', '1.000', '0.000', '0.00', '340.00', '-433.00', 90, 21, '2022-05-31 04:31:41', '2022-05-31 04:31:41'),
(518, 118, 'EP016 - DELZ 10ml', 'EP016', '350.00', '4.000', '0.000', '0.00', '1400.00', '-1692.00', 110, 21, '2022-05-31 04:31:41', '2022-05-31 04:31:41'),
(519, 302, 'PF022 - PEDIGREE PUPPY 1.2 KG', 'PF022', '1110.00', '1.000', '0.000', '10.00', '1100.00', '337.00', 222, 21, '2022-05-31 04:31:41', '2022-05-31 04:31:41'),
(520, 69, 'PD009 - UNIVERM TOTAL 1TAB', 'PD009', '110.00', '2.000', '0.000', '0.00', '220.00', '-1326.00', 84, 21, '2022-05-31 04:31:41', '2022-05-31 04:31:41'),
(521, 232, 'PA022 - COLLAR HIMA L', 'PA022', '380.00', '1.000', '0.000', '0.00', '380.00', '-393.00', 163, 21, '2022-05-31 04:31:41', '2022-05-31 04:31:41'),
(522, 124, 'EP038 - NILMANGE LO 30g', 'EP038', '230.00', '1.000', '0.000', '0.00', '230.00', '-543.00', 115, 21, '2022-05-31 04:31:41', '2022-05-31 04:31:41'),
(523, 67, 'PD003 - NICLOLIVA 2TAB', 'PD003', '90.00', '1.000', '0.000', '0.00', '90.00', '-683.00', 83, 21, '2022-05-31 04:31:41', '2022-05-31 04:31:41'),
(524, 71, 'PD011 - DRONTAL PLUS 2TAB', 'PD011', '320.00', '1.000', '0.000', '0.00', '320.00', '-453.00', 39, 21, '2022-05-31 04:31:41', '2022-05-31 04:31:41'),
(525, 121, 'EP020 - NEXTGUARD 10-25', 'EP020', '2150.00', '1.000', '0.000', '0.00', '2150.00', '1377.00', 113, 21, '2022-05-31 04:31:41', '2022-05-31 04:31:41'),
(526, 255, 'PA086 - HEAVY HARNESS LEAD', 'PA086', '1300.00', '1.000', '0.000', '0.00', '1300.00', '527.00', 183, 21, '2022-05-31 04:31:41', '2022-05-31 04:31:41'),
(527, 69, 'PD009 - UNIVERM TOTAL 1TAB', 'PD009', '110.00', '5.000', '0.000', '0.00', '550.00', '-3315.00', 84, 21, '2022-05-31 04:31:41', '2022-05-31 04:31:41'),
(528, 99, 'PV028 - CANNY B&E 90S', 'PV028', '860.00', '1.000', '0.000', '0.00', '860.00', '87.00', 51, 21, '2022-05-31 04:31:41', '2022-05-31 04:31:41'),
(529, 4, 'CM004 - AMINOL 1Kg', 'CM004', '340.00', '1.000', '0.000', '0.00', '340.00', '-433.00', 6, 21, '2022-05-31 04:31:41', '2022-05-31 04:31:41'),
(530, 2, 'AM002 - AMINOL 10Kg(BUCKET)', 'AM002', '3450.00', '1.000', '0.000', '0.00', '3450.00', '2677.00', 4, 21, '2022-05-31 04:31:41', '2022-05-31 04:31:41'),
(531, 221, 'PA002 - CHEW BONE M', 'PA002', '400.00', '1.000', '0.000', '0.00', '400.00', '-373.00', 152, 21, '2022-05-31 04:31:41', '2022-05-31 04:31:41'),
(532, 82, 'PF004 - CLASSIC PET  ADULT 500g', 'PF004', '395.00', '2.000', '0.000', '0.00', '790.00', '-756.00', 226, 21, '2022-05-31 04:31:41', '2022-05-31 04:31:41'),
(533, 70, 'PD012 - NOWORM 1TAB', 'PD012', '90.00', '4.000', '0.000', '0.00', '360.00', '-2732.00', 85, 21, '2022-05-31 04:31:41', '2022-05-31 04:31:41'),
(534, 123, 'EP023 - NEXTGUARD 25-50', 'EP023', '2650.00', '1.000', '0.000', '0.00', '2650.00', '1877.00', 114, 21, '2022-05-31 04:31:41', '2022-05-31 04:31:41'),
(535, 73, 'WH006 - REGEN 40g', 'WH006', '250.00', '1.000', '0.000', '0.00', '250.00', '-523.00', 49, 21, '2022-05-31 04:31:41', '2022-05-31 04:31:41'),
(536, 23, 'MV002 - CHICK TONIC 1L', 'MV002', '2050.00', '2.000', '0.000', '0.00', '4100.00', '2554.00', 58, 21, '2022-05-31 04:31:41', '2022-05-31 04:31:41'),
(537, 64, 'LS006 - HELMASOL 100g', 'LS006', '390.00', '3.000', '0.000', '0.00', '1170.00', '-1149.00', 80, 21, '2022-05-31 04:31:41', '2022-05-31 04:31:41'),
(538, 158, 'LD016 - ANALAGON 150mg', 'LD016', '145.00', '3.000', '0.000', '0.00', '435.00', '-1884.00', 46, 21, '2022-05-31 04:31:41', '2022-05-31 04:31:41'),
(539, 71, 'PD011 - DRONTAL PLUS 2TAB', 'PD011', '320.00', '1.000', '0.000', '0.00', '320.00', '-453.00', 39, 21, '2022-05-31 04:31:41', '2022-05-31 04:31:41'),
(540, 93, 'PV018 - CANNY BOOST', 'PV018', '830.00', '1.000', '0.000', '0.00', '830.00', '57.00', 53, 21, '2022-05-31 04:31:41', '2022-05-31 04:31:41'),
(541, 229, 'PA017 - PET NAIL CLIPPER', 'PA017', '1000.00', '1.000', '0.000', '0.00', '1000.00', '227.00', 160, 21, '2022-05-31 04:31:41', '2022-05-31 04:31:41'),
(542, 93, 'PV018 - CANNY BOOST', 'PV018', '830.00', '1.000', '0.000', '30.00', '800.00', '57.00', 53, 21, '2022-05-31 04:31:41', '2022-05-31 04:31:41'),
(543, 71, 'PD011 - DRONTAL PLUS 2TAB', 'PD011', '320.00', '1.000', '0.000', '0.00', '320.00', '-453.00', 39, 21, '2022-05-31 04:31:41', '2022-05-31 04:31:41'),
(544, 194, 'EF019 - AVIGANADEXIL 10ml', 'EF019', '130.00', '1.000', '0.000', '0.00', '130.00', '-643.00', 133, 21, '2022-05-31 04:31:41', '2022-05-31 04:31:41'),
(545, 65, 'LS007 - HELMOSOL 10g', 'LS007', '60.00', '1.000', '0.000', '0.00', '60.00', '-713.00', 81, 21, '2022-05-31 04:31:41', '2022-05-31 04:31:41'),
(546, 261, 'PA092 - PET COLLAR WITH BELL', 'PA092', '280.00', '1.000', '0.000', '0.00', '280.00', '-493.00', 190, 21, '2022-05-31 04:31:41', '2022-05-31 04:31:41'),
(547, 196, 'PS003 - TICK OUT 100ml', 'PS003', '350.00', '1.000', '0.000', '0.00', '350.00', '-423.00', 15, 21, '2022-05-31 04:31:41', '2022-05-31 04:31:41'),
(548, 199, 'PS006 - TICK & FREE 200ml', 'PS006', '600.00', '1.000', '0.000', '0.00', '600.00', '-173.00', 18, 21, '2022-05-31 04:31:41', '2022-05-31 04:31:41'),
(549, 115, 'EP008 - TIXFREE 20-40', 'EP008', '700.00', '1.000', '0.000', '0.00', '700.00', '-73.00', 106, 21, '2022-05-31 04:31:41', '2022-05-31 04:31:41'),
(550, 197, 'PS004 - SEBO RID 100ml', 'PS004', '350.00', '1.000', '0.000', '0.00', '350.00', '-423.00', 16, 21, '2022-05-31 04:31:41', '2022-05-31 04:31:41'),
(551, 80, 'WS012 - GREEN X 100ml', 'WS012', '340.00', '1.000', '0.000', '0.00', '340.00', '-433.00', 90, 21, '2022-05-31 04:31:41', '2022-05-31 04:31:41'),
(552, 231, 'PA021 - COLLAR HIMA M', 'PA021', '340.00', '1.000', '0.000', '0.00', '340.00', '-433.00', 162, 21, '2022-05-31 04:31:41', '2022-05-31 04:31:41'),
(553, 87, 'PV006 - ORCALMIN 200ml', 'PV006', '440.00', '1.000', '0.000', '0.00', '440.00', '-333.00', 96, 21, '2022-05-31 04:31:41', '2022-05-31 04:31:41'),
(554, 182, 'CT001 - C TETRA 100g', 'CT001', '420.00', '4.000', '0.000', '0.00', '1680.00', '-1412.00', 127, 21, '2022-05-31 04:31:41', '2022-05-31 04:31:41'),
(555, 100, 'PV029 - NUTRICOAT 200ml', 'PV029', '1450.00', '1.000', '0.000', '0.00', '1450.00', '677.00', 36, 21, '2022-05-31 04:31:41', '2022-05-31 04:31:41'),
(556, 91, 'PV011 - VEROL 200ml', 'PV011', '1300.00', '1.000', '0.000', '0.00', '1300.00', '527.00', 98, 21, '2022-05-31 04:31:41', '2022-05-31 04:31:41'),
(557, 113, 'EP006 - TIXFREE 2-10', 'EP006', '500.00', '1.000', '0.000', '0.00', '500.00', '-273.00', 104, 21, '2022-05-31 04:31:41', '2022-05-31 04:31:41'),
(558, 23, 'MV002 - CHICK TONIC 1L', 'MV002', '2050.00', '1.000', '0.000', '0.00', '2050.00', '1277.00', 58, 21, '2022-05-31 04:31:41', '2022-05-31 04:31:41'),
(559, 4, 'CM004 - AMINOL 1Kg', 'CM004', '340.00', '1.000', '0.000', '0.00', '340.00', '-433.00', 6, 21, '2022-05-31 04:31:41', '2022-05-31 04:31:41'),
(560, 65, 'LS007 - HELMOSOL 10g', 'LS007', '60.00', '1.000', '0.000', '0.00', '60.00', '-713.00', 81, 21, '2022-05-31 04:31:41', '2022-05-31 04:31:41'),
(561, 100, 'PV029 - NUTRICOAT 200ml', 'PV029', '1450.00', '1.000', '0.000', '0.00', '1450.00', '677.00', 36, 21, '2022-05-31 04:31:41', '2022-05-31 04:31:41'),
(562, 87, 'PV006 - ORCALMIN 200ml', 'PV006', '440.00', '1.000', '0.000', '0.00', '440.00', '-333.00', 96, 21, '2022-05-31 04:31:41', '2022-05-31 04:31:41'),
(563, 301, 'PF021 - PEDIGREE ADULT 400G', 'PF021', '375.00', '2.000', '0.000', '0.00', '750.00', '-796.00', 221, 21, '2022-05-31 04:31:41', '2022-05-31 04:31:41'),
(564, 112, 'EP003 - TICKAMIT 10ml', 'EP003', '470.00', '1.000', '0.000', '0.00', '470.00', '-303.00', 42, 21, '2022-05-31 04:31:41', '2022-05-31 04:31:41'),
(565, 79, 'WS007 - REMADIUM 100ml', 'WS007', '340.00', '1.000', '0.000', '0.00', '340.00', '-433.00', 89, 21, '2022-05-31 04:31:41', '2022-05-31 04:31:41'),
(566, 82, 'PF004 - CLASSIC PET  ADULT 500g', 'PF004', '395.00', '1.000', '0.000', '0.00', '395.00', '-378.00', 226, 21, '2022-05-31 04:31:41', '2022-05-31 04:31:41'),
(567, 301, 'PF021 - PEDIGREE ADULT 400G', 'PF021', '375.00', '1.000', '0.000', '0.00', '375.00', '-398.00', 221, 21, '2022-05-31 04:31:41', '2022-05-31 04:31:41'),
(568, 232, 'PA022 - COLLAR HIMA L', 'PA022', '380.00', '1.000', '0.000', '0.00', '380.00', '-393.00', 163, 21, '2022-05-31 04:31:41', '2022-05-31 04:31:41'),
(569, 115, 'EP008 - TIXFREE 20-40', 'EP008', '700.00', '1.000', '0.000', '0.00', '700.00', '-73.00', 106, 21, '2022-05-31 04:31:41', '2022-05-31 04:31:41'),
(570, 112, 'EP003 - TICKAMIT 10ml', 'EP003', '470.00', '1.000', '0.000', '0.00', '470.00', '-303.00', 42, 21, '2022-05-31 04:31:41', '2022-05-31 04:31:41'),
(571, 118, 'EP016 - DELZ 10ml', 'EP016', '350.00', '1.000', '0.000', '0.00', '350.00', '-423.00', 110, 21, '2022-05-31 04:31:41', '2022-05-31 04:31:41'),
(572, 198, 'PS005 - TICK OUT', 'PS005', '280.00', '1.000', '0.000', '0.00', '280.00', '-493.00', 17, 21, '2022-05-31 04:31:41', '2022-05-31 04:31:41'),
(573, 197, 'PS004 - SEBO RID 100ml', 'PS004', '350.00', '1.000', '0.000', '10.00', '340.00', '-423.00', 16, 21, '2022-05-31 04:31:41', '2022-05-31 04:31:41'),
(574, 67, 'PD003 - NICLOLIVA 2TAB', 'PD003', '90.00', '1.000', '0.000', '0.00', '90.00', '-683.00', 83, 21, '2022-05-31 04:31:41', '2022-05-31 04:31:41'),
(575, 93, 'PV018 - CANNY BOOST', 'PV018', '830.00', '1.000', '0.000', '0.00', '830.00', '57.00', 53, 21, '2022-05-31 04:31:41', '2022-05-31 04:31:41'),
(576, 103, 'PV033 - NUTRI-COAT AD 200g', 'PV033', '1900.00', '1.000', '0.000', '0.00', '1900.00', '1127.00', 34, 21, '2022-05-31 04:31:41', '2022-05-31 04:31:41'),
(577, 69, 'PD009 - UNIVERM TOTAL 1TAB', 'PD009', '110.00', '3.000', '0.000', '0.00', '330.00', '-1989.00', 84, 21, '2022-05-31 04:31:41', '2022-05-31 04:31:41'),
(578, 72, 'WH004 - NEGASANT 40g', 'WH004', '410.00', '1.000', '0.000', '0.00', '410.00', '-363.00', 40, 21, '2022-05-31 04:31:41', '2022-05-31 04:31:41'),
(579, 284, 'PF018 - MAXI PUPPY 4KG', 'PF018', '7600.00', '1.000', '0.000', '0.00', '7600.00', '6827.00', 210, 21, '2022-05-31 04:31:41', '2022-05-31 04:31:41'),
(580, 4, 'CM004 - AMINOL 1Kg', 'CM004', '340.00', '1.000', '0.000', '0.00', '340.00', '-433.00', 6, 22, '2022-05-31 04:31:42', '2022-05-31 04:31:42'),
(581, 311, 'PP003 - TALFO LAVENDER 90G', 'PP003', '360.00', '1.000', '0.000', '0.00', '360.00', '-413.00', 218, 22, '2022-05-31 04:31:42', '2022-05-31 04:31:42'),
(582, 80, 'WS012 - GREEN X 100ml', 'WS012', '340.00', '1.000', '0.000', '0.00', '340.00', '-433.00', 90, 22, '2022-05-31 04:31:42', '2022-05-31 04:31:42'),
(583, 118, 'EP016 - DELZ 10ml', 'EP016', '350.00', '4.000', '0.000', '0.00', '1400.00', '-1692.00', 110, 22, '2022-05-31 04:31:42', '2022-05-31 04:31:42'),
(584, 302, 'PF022 - PEDIGREE PUPPY 1.2 KG', 'PF022', '1110.00', '1.000', '0.000', '10.00', '1100.00', '337.00', 222, 22, '2022-05-31 04:31:42', '2022-05-31 04:31:42'),
(585, 69, 'PD009 - UNIVERM TOTAL 1TAB', 'PD009', '110.00', '2.000', '0.000', '0.00', '220.00', '-1326.00', 84, 22, '2022-05-31 04:31:42', '2022-05-31 04:31:42'),
(586, 232, 'PA022 - COLLAR HIMA L', 'PA022', '380.00', '1.000', '0.000', '0.00', '380.00', '-393.00', 163, 22, '2022-05-31 04:31:42', '2022-05-31 04:31:42'),
(587, 124, 'EP038 - NILMANGE LO 30g', 'EP038', '230.00', '1.000', '0.000', '0.00', '230.00', '-543.00', 115, 22, '2022-05-31 04:31:42', '2022-05-31 04:31:42'),
(588, 67, 'PD003 - NICLOLIVA 2TAB', 'PD003', '90.00', '1.000', '0.000', '0.00', '90.00', '-683.00', 83, 22, '2022-05-31 04:31:42', '2022-05-31 04:31:42'),
(589, 71, 'PD011 - DRONTAL PLUS 2TAB', 'PD011', '320.00', '1.000', '0.000', '0.00', '320.00', '-453.00', 39, 22, '2022-05-31 04:31:42', '2022-05-31 04:31:42'),
(590, 121, 'EP020 - NEXTGUARD 10-25', 'EP020', '2150.00', '1.000', '0.000', '0.00', '2150.00', '1377.00', 113, 22, '2022-05-31 04:31:42', '2022-05-31 04:31:42'),
(591, 255, 'PA086 - HEAVY HARNESS LEAD', 'PA086', '1300.00', '1.000', '0.000', '0.00', '1300.00', '527.00', 183, 22, '2022-05-31 04:31:42', '2022-05-31 04:31:42'),
(592, 69, 'PD009 - UNIVERM TOTAL 1TAB', 'PD009', '110.00', '5.000', '0.000', '0.00', '550.00', '-3315.00', 84, 22, '2022-05-31 04:31:42', '2022-05-31 04:31:42'),
(593, 99, 'PV028 - CANNY B&E 90S', 'PV028', '860.00', '1.000', '0.000', '0.00', '860.00', '87.00', 51, 22, '2022-05-31 04:31:42', '2022-05-31 04:31:42'),
(594, 4, 'CM004 - AMINOL 1Kg', 'CM004', '340.00', '1.000', '0.000', '0.00', '340.00', '-433.00', 6, 22, '2022-05-31 04:31:42', '2022-05-31 04:31:42'),
(595, 2, 'AM002 - AMINOL 10Kg(BUCKET)', 'AM002', '3450.00', '1.000', '0.000', '0.00', '3450.00', '2677.00', 4, 22, '2022-05-31 04:31:42', '2022-05-31 04:31:42'),
(596, 221, 'PA002 - CHEW BONE M', 'PA002', '400.00', '1.000', '0.000', '0.00', '400.00', '-373.00', 152, 22, '2022-05-31 04:31:42', '2022-05-31 04:31:42'),
(597, 82, 'PF004 - CLASSIC PET  ADULT 500g', 'PF004', '395.00', '2.000', '0.000', '0.00', '790.00', '-756.00', 226, 22, '2022-05-31 04:31:42', '2022-05-31 04:31:42'),
(598, 70, 'PD012 - NOWORM 1TAB', 'PD012', '90.00', '4.000', '0.000', '0.00', '360.00', '-2732.00', 85, 22, '2022-05-31 04:31:42', '2022-05-31 04:31:42'),
(599, 123, 'EP023 - NEXTGUARD 25-50', 'EP023', '2650.00', '1.000', '0.000', '0.00', '2650.00', '1877.00', 114, 22, '2022-05-31 04:31:42', '2022-05-31 04:31:42'),
(600, 73, 'WH006 - REGEN 40g', 'WH006', '250.00', '1.000', '0.000', '0.00', '250.00', '-523.00', 49, 22, '2022-05-31 04:31:42', '2022-05-31 04:31:42'),
(601, 23, 'MV002 - CHICK TONIC 1L', 'MV002', '2050.00', '2.000', '0.000', '0.00', '4100.00', '2554.00', 58, 22, '2022-05-31 04:31:42', '2022-05-31 04:31:42'),
(602, 64, 'LS006 - HELMASOL 100g', 'LS006', '390.00', '3.000', '0.000', '0.00', '1170.00', '-1149.00', 80, 22, '2022-05-31 04:31:42', '2022-05-31 04:31:42'),
(603, 158, 'LD016 - ANALAGON 150mg', 'LD016', '145.00', '3.000', '0.000', '0.00', '435.00', '-1884.00', 46, 22, '2022-05-31 04:31:42', '2022-05-31 04:31:42'),
(604, 71, 'PD011 - DRONTAL PLUS 2TAB', 'PD011', '320.00', '1.000', '0.000', '0.00', '320.00', '-453.00', 39, 22, '2022-05-31 04:31:42', '2022-05-31 04:31:42'),
(605, 93, 'PV018 - CANNY BOOST', 'PV018', '830.00', '1.000', '0.000', '0.00', '830.00', '57.00', 53, 22, '2022-05-31 04:31:42', '2022-05-31 04:31:42'),
(606, 229, 'PA017 - PET NAIL CLIPPER', 'PA017', '1000.00', '1.000', '0.000', '0.00', '1000.00', '227.00', 160, 22, '2022-05-31 04:31:42', '2022-05-31 04:31:42'),
(607, 93, 'PV018 - CANNY BOOST', 'PV018', '830.00', '1.000', '0.000', '30.00', '800.00', '57.00', 53, 22, '2022-05-31 04:31:42', '2022-05-31 04:31:42'),
(608, 71, 'PD011 - DRONTAL PLUS 2TAB', 'PD011', '320.00', '1.000', '0.000', '0.00', '320.00', '-453.00', 39, 22, '2022-05-31 04:31:42', '2022-05-31 04:31:42'),
(609, 194, 'EF019 - AVIGANADEXIL 10ml', 'EF019', '130.00', '1.000', '0.000', '0.00', '130.00', '-643.00', 133, 22, '2022-05-31 04:31:42', '2022-05-31 04:31:42'),
(610, 65, 'LS007 - HELMOSOL 10g', 'LS007', '60.00', '1.000', '0.000', '0.00', '60.00', '-713.00', 81, 22, '2022-05-31 04:31:42', '2022-05-31 04:31:42'),
(611, 261, 'PA092 - PET COLLAR WITH BELL', 'PA092', '280.00', '1.000', '0.000', '0.00', '280.00', '-493.00', 190, 22, '2022-05-31 04:31:42', '2022-05-31 04:31:42'),
(612, 196, 'PS003 - TICK OUT 100ml', 'PS003', '350.00', '1.000', '0.000', '0.00', '350.00', '-423.00', 15, 22, '2022-05-31 04:31:42', '2022-05-31 04:31:42'),
(613, 199, 'PS006 - TICK & FREE 200ml', 'PS006', '600.00', '1.000', '0.000', '0.00', '600.00', '-173.00', 18, 22, '2022-05-31 04:31:42', '2022-05-31 04:31:42'),
(614, 115, 'EP008 - TIXFREE 20-40', 'EP008', '700.00', '1.000', '0.000', '0.00', '700.00', '-73.00', 106, 22, '2022-05-31 04:31:42', '2022-05-31 04:31:42'),
(615, 197, 'PS004 - SEBO RID 100ml', 'PS004', '350.00', '1.000', '0.000', '0.00', '350.00', '-423.00', 16, 22, '2022-05-31 04:31:42', '2022-05-31 04:31:42'),
(616, 80, 'WS012 - GREEN X 100ml', 'WS012', '340.00', '1.000', '0.000', '0.00', '340.00', '-433.00', 90, 22, '2022-05-31 04:31:42', '2022-05-31 04:31:42'),
(617, 231, 'PA021 - COLLAR HIMA M', 'PA021', '340.00', '1.000', '0.000', '0.00', '340.00', '-433.00', 162, 22, '2022-05-31 04:31:42', '2022-05-31 04:31:42'),
(618, 87, 'PV006 - ORCALMIN 200ml', 'PV006', '440.00', '1.000', '0.000', '0.00', '440.00', '-333.00', 96, 22, '2022-05-31 04:31:42', '2022-05-31 04:31:42'),
(619, 182, 'CT001 - C TETRA 100g', 'CT001', '420.00', '4.000', '0.000', '0.00', '1680.00', '-1412.00', 127, 22, '2022-05-31 04:31:42', '2022-05-31 04:31:42'),
(620, 100, 'PV029 - NUTRICOAT 200ml', 'PV029', '1450.00', '1.000', '0.000', '0.00', '1450.00', '677.00', 36, 22, '2022-05-31 04:31:42', '2022-05-31 04:31:42'),
(621, 91, 'PV011 - VEROL 200ml', 'PV011', '1300.00', '1.000', '0.000', '0.00', '1300.00', '527.00', 98, 22, '2022-05-31 04:31:42', '2022-05-31 04:31:42'),
(622, 113, 'EP006 - TIXFREE 2-10', 'EP006', '500.00', '1.000', '0.000', '0.00', '500.00', '-273.00', 104, 22, '2022-05-31 04:31:42', '2022-05-31 04:31:42'),
(623, 23, 'MV002 - CHICK TONIC 1L', 'MV002', '2050.00', '1.000', '0.000', '0.00', '2050.00', '1277.00', 58, 22, '2022-05-31 04:31:42', '2022-05-31 04:31:42'),
(624, 4, 'CM004 - AMINOL 1Kg', 'CM004', '340.00', '1.000', '0.000', '0.00', '340.00', '-433.00', 6, 22, '2022-05-31 04:31:42', '2022-05-31 04:31:42'),
(625, 65, 'LS007 - HELMOSOL 10g', 'LS007', '60.00', '1.000', '0.000', '0.00', '60.00', '-713.00', 81, 22, '2022-05-31 04:31:42', '2022-05-31 04:31:42'),
(626, 100, 'PV029 - NUTRICOAT 200ml', 'PV029', '1450.00', '1.000', '0.000', '0.00', '1450.00', '677.00', 36, 22, '2022-05-31 04:31:42', '2022-05-31 04:31:42'),
(627, 87, 'PV006 - ORCALMIN 200ml', 'PV006', '440.00', '1.000', '0.000', '0.00', '440.00', '-333.00', 96, 22, '2022-05-31 04:31:42', '2022-05-31 04:31:42'),
(628, 301, 'PF021 - PEDIGREE ADULT 400G', 'PF021', '375.00', '2.000', '0.000', '0.00', '750.00', '-796.00', 221, 22, '2022-05-31 04:31:42', '2022-05-31 04:31:42'),
(629, 112, 'EP003 - TICKAMIT 10ml', 'EP003', '470.00', '1.000', '0.000', '0.00', '470.00', '-303.00', 42, 22, '2022-05-31 04:31:42', '2022-05-31 04:31:42'),
(630, 79, 'WS007 - REMADIUM 100ml', 'WS007', '340.00', '1.000', '0.000', '0.00', '340.00', '-433.00', 89, 22, '2022-05-31 04:31:42', '2022-05-31 04:31:42'),
(631, 82, 'PF004 - CLASSIC PET  ADULT 500g', 'PF004', '395.00', '1.000', '0.000', '0.00', '395.00', '-378.00', 226, 22, '2022-05-31 04:31:42', '2022-05-31 04:31:42'),
(632, 301, 'PF021 - PEDIGREE ADULT 400G', 'PF021', '375.00', '1.000', '0.000', '0.00', '375.00', '-398.00', 221, 22, '2022-05-31 04:31:42', '2022-05-31 04:31:42'),
(633, 232, 'PA022 - COLLAR HIMA L', 'PA022', '380.00', '1.000', '0.000', '0.00', '380.00', '-393.00', 163, 22, '2022-05-31 04:31:42', '2022-05-31 04:31:42'),
(634, 115, 'EP008 - TIXFREE 20-40', 'EP008', '700.00', '1.000', '0.000', '0.00', '700.00', '-73.00', 106, 22, '2022-05-31 04:31:42', '2022-05-31 04:31:42'),
(635, 112, 'EP003 - TICKAMIT 10ml', 'EP003', '470.00', '1.000', '0.000', '0.00', '470.00', '-303.00', 42, 22, '2022-05-31 04:31:42', '2022-05-31 04:31:42'),
(636, 118, 'EP016 - DELZ 10ml', 'EP016', '350.00', '1.000', '0.000', '0.00', '350.00', '-423.00', 110, 22, '2022-05-31 04:31:42', '2022-05-31 04:31:42'),
(637, 198, 'PS005 - TICK OUT', 'PS005', '280.00', '1.000', '0.000', '0.00', '280.00', '-493.00', 17, 22, '2022-05-31 04:31:42', '2022-05-31 04:31:42');
INSERT INTO `invoice_items` (`id`, `product_id`, `name`, `code`, `price`, `qty`, `rqty`, `discount`, `sale_price`, `profit`, `lot_info_id`, `invoice_id`, `created_at`, `updated_at`) VALUES
(638, 197, 'PS004 - SEBO RID 100ml', 'PS004', '350.00', '1.000', '0.000', '10.00', '340.00', '-423.00', 16, 22, '2022-05-31 04:31:42', '2022-05-31 04:31:42'),
(639, 67, 'PD003 - NICLOLIVA 2TAB', 'PD003', '90.00', '1.000', '0.000', '0.00', '90.00', '-683.00', 83, 22, '2022-05-31 04:31:42', '2022-05-31 04:31:42'),
(640, 93, 'PV018 - CANNY BOOST', 'PV018', '830.00', '1.000', '0.000', '0.00', '830.00', '57.00', 53, 22, '2022-05-31 04:31:42', '2022-05-31 04:31:42'),
(641, 103, 'PV033 - NUTRI-COAT AD 200g', 'PV033', '1900.00', '1.000', '0.000', '0.00', '1900.00', '1127.00', 34, 22, '2022-05-31 04:31:42', '2022-05-31 04:31:42'),
(642, 69, 'PD009 - UNIVERM TOTAL 1TAB', 'PD009', '110.00', '3.000', '0.000', '0.00', '330.00', '-1989.00', 84, 22, '2022-05-31 04:31:42', '2022-05-31 04:31:42'),
(643, 72, 'WH004 - NEGASANT 40g', 'WH004', '410.00', '1.000', '0.000', '0.00', '410.00', '-363.00', 40, 22, '2022-05-31 04:31:42', '2022-05-31 04:31:42'),
(644, 284, 'PF018 - MAXI PUPPY 4KG', 'PF018', '7600.00', '1.000', '0.000', '0.00', '7600.00', '6827.00', 210, 22, '2022-05-31 04:31:42', '2022-05-31 04:31:42'),
(645, 4, 'CM004 - AMINOL 1Kg', 'CM004', '340.00', '1.000', '0.000', '0.00', '340.00', '-433.00', 6, 23, '2022-05-31 04:31:42', '2022-05-31 04:31:42'),
(646, 311, 'PP003 - TALFO LAVENDER 90G', 'PP003', '360.00', '1.000', '0.000', '0.00', '360.00', '-413.00', 218, 23, '2022-05-31 04:31:42', '2022-05-31 04:31:42'),
(647, 80, 'WS012 - GREEN X 100ml', 'WS012', '340.00', '1.000', '0.000', '0.00', '340.00', '-433.00', 90, 23, '2022-05-31 04:31:42', '2022-05-31 04:31:42'),
(648, 118, 'EP016 - DELZ 10ml', 'EP016', '350.00', '4.000', '0.000', '0.00', '1400.00', '-1692.00', 110, 23, '2022-05-31 04:31:42', '2022-05-31 04:31:42'),
(649, 302, 'PF022 - PEDIGREE PUPPY 1.2 KG', 'PF022', '1110.00', '1.000', '0.000', '10.00', '1100.00', '337.00', 222, 23, '2022-05-31 04:31:42', '2022-05-31 04:31:42'),
(650, 69, 'PD009 - UNIVERM TOTAL 1TAB', 'PD009', '110.00', '2.000', '0.000', '0.00', '220.00', '-1326.00', 84, 23, '2022-05-31 04:31:42', '2022-05-31 04:31:42'),
(651, 232, 'PA022 - COLLAR HIMA L', 'PA022', '380.00', '1.000', '0.000', '0.00', '380.00', '-393.00', 163, 23, '2022-05-31 04:31:42', '2022-05-31 04:31:42'),
(652, 124, 'EP038 - NILMANGE LO 30g', 'EP038', '230.00', '1.000', '0.000', '0.00', '230.00', '-543.00', 115, 23, '2022-05-31 04:31:42', '2022-05-31 04:31:42'),
(653, 67, 'PD003 - NICLOLIVA 2TAB', 'PD003', '90.00', '1.000', '0.000', '0.00', '90.00', '-683.00', 83, 23, '2022-05-31 04:31:42', '2022-05-31 04:31:42'),
(654, 71, 'PD011 - DRONTAL PLUS 2TAB', 'PD011', '320.00', '1.000', '0.000', '0.00', '320.00', '-453.00', 39, 23, '2022-05-31 04:31:42', '2022-05-31 04:31:42'),
(655, 121, 'EP020 - NEXTGUARD 10-25', 'EP020', '2150.00', '1.000', '0.000', '0.00', '2150.00', '1377.00', 113, 23, '2022-05-31 04:31:42', '2022-05-31 04:31:42'),
(656, 255, 'PA086 - HEAVY HARNESS LEAD', 'PA086', '1300.00', '1.000', '0.000', '0.00', '1300.00', '527.00', 183, 23, '2022-05-31 04:31:42', '2022-05-31 04:31:42'),
(657, 69, 'PD009 - UNIVERM TOTAL 1TAB', 'PD009', '110.00', '5.000', '0.000', '0.00', '550.00', '-3315.00', 84, 23, '2022-05-31 04:31:42', '2022-05-31 04:31:42'),
(658, 99, 'PV028 - CANNY B&E 90S', 'PV028', '860.00', '1.000', '0.000', '0.00', '860.00', '87.00', 51, 23, '2022-05-31 04:31:42', '2022-05-31 04:31:42'),
(659, 4, 'CM004 - AMINOL 1Kg', 'CM004', '340.00', '1.000', '0.000', '0.00', '340.00', '-433.00', 6, 23, '2022-05-31 04:31:42', '2022-05-31 04:31:42'),
(660, 2, 'AM002 - AMINOL 10Kg(BUCKET)', 'AM002', '3450.00', '1.000', '0.000', '0.00', '3450.00', '2677.00', 4, 23, '2022-05-31 04:31:42', '2022-05-31 04:31:42'),
(661, 221, 'PA002 - CHEW BONE M', 'PA002', '400.00', '1.000', '0.000', '0.00', '400.00', '-373.00', 152, 23, '2022-05-31 04:31:42', '2022-05-31 04:31:42'),
(662, 82, 'PF004 - CLASSIC PET  ADULT 500g', 'PF004', '395.00', '2.000', '0.000', '0.00', '790.00', '-756.00', 226, 23, '2022-05-31 04:31:42', '2022-05-31 04:31:42'),
(663, 70, 'PD012 - NOWORM 1TAB', 'PD012', '90.00', '4.000', '0.000', '0.00', '360.00', '-2732.00', 85, 23, '2022-05-31 04:31:42', '2022-05-31 04:31:42'),
(664, 123, 'EP023 - NEXTGUARD 25-50', 'EP023', '2650.00', '1.000', '0.000', '0.00', '2650.00', '1877.00', 114, 23, '2022-05-31 04:31:42', '2022-05-31 04:31:42'),
(665, 73, 'WH006 - REGEN 40g', 'WH006', '250.00', '1.000', '0.000', '0.00', '250.00', '-523.00', 49, 23, '2022-05-31 04:31:42', '2022-05-31 04:31:42'),
(666, 23, 'MV002 - CHICK TONIC 1L', 'MV002', '2050.00', '2.000', '0.000', '0.00', '4100.00', '2554.00', 58, 23, '2022-05-31 04:31:42', '2022-05-31 04:31:42'),
(667, 64, 'LS006 - HELMASOL 100g', 'LS006', '390.00', '3.000', '0.000', '0.00', '1170.00', '-1149.00', 80, 23, '2022-05-31 04:31:42', '2022-05-31 04:31:42'),
(668, 158, 'LD016 - ANALAGON 150mg', 'LD016', '145.00', '3.000', '0.000', '0.00', '435.00', '-1884.00', 46, 23, '2022-05-31 04:31:42', '2022-05-31 04:31:42'),
(669, 71, 'PD011 - DRONTAL PLUS 2TAB', 'PD011', '320.00', '1.000', '0.000', '0.00', '320.00', '-453.00', 39, 23, '2022-05-31 04:31:42', '2022-05-31 04:31:42'),
(670, 93, 'PV018 - CANNY BOOST', 'PV018', '830.00', '1.000', '0.000', '0.00', '830.00', '57.00', 53, 23, '2022-05-31 04:31:42', '2022-05-31 04:31:42'),
(671, 229, 'PA017 - PET NAIL CLIPPER', 'PA017', '1000.00', '1.000', '0.000', '0.00', '1000.00', '227.00', 160, 23, '2022-05-31 04:31:42', '2022-05-31 04:31:42'),
(672, 93, 'PV018 - CANNY BOOST', 'PV018', '830.00', '1.000', '0.000', '30.00', '800.00', '57.00', 53, 23, '2022-05-31 04:31:42', '2022-05-31 04:31:42'),
(673, 71, 'PD011 - DRONTAL PLUS 2TAB', 'PD011', '320.00', '1.000', '0.000', '0.00', '320.00', '-453.00', 39, 23, '2022-05-31 04:31:42', '2022-05-31 04:31:42'),
(674, 194, 'EF019 - AVIGANADEXIL 10ml', 'EF019', '130.00', '1.000', '0.000', '0.00', '130.00', '-643.00', 133, 23, '2022-05-31 04:31:42', '2022-05-31 04:31:42'),
(675, 65, 'LS007 - HELMOSOL 10g', 'LS007', '60.00', '1.000', '0.000', '0.00', '60.00', '-713.00', 81, 23, '2022-05-31 04:31:42', '2022-05-31 04:31:42'),
(676, 261, 'PA092 - PET COLLAR WITH BELL', 'PA092', '280.00', '1.000', '0.000', '0.00', '280.00', '-493.00', 190, 23, '2022-05-31 04:31:42', '2022-05-31 04:31:42'),
(677, 196, 'PS003 - TICK OUT 100ml', 'PS003', '350.00', '1.000', '0.000', '0.00', '350.00', '-423.00', 15, 23, '2022-05-31 04:31:42', '2022-05-31 04:31:42'),
(678, 199, 'PS006 - TICK & FREE 200ml', 'PS006', '600.00', '1.000', '0.000', '0.00', '600.00', '-173.00', 18, 23, '2022-05-31 04:31:42', '2022-05-31 04:31:42'),
(679, 115, 'EP008 - TIXFREE 20-40', 'EP008', '700.00', '1.000', '0.000', '0.00', '700.00', '-73.00', 106, 23, '2022-05-31 04:31:42', '2022-05-31 04:31:42'),
(680, 197, 'PS004 - SEBO RID 100ml', 'PS004', '350.00', '1.000', '0.000', '0.00', '350.00', '-423.00', 16, 23, '2022-05-31 04:31:42', '2022-05-31 04:31:42'),
(681, 80, 'WS012 - GREEN X 100ml', 'WS012', '340.00', '1.000', '0.000', '0.00', '340.00', '-433.00', 90, 23, '2022-05-31 04:31:42', '2022-05-31 04:31:42'),
(682, 231, 'PA021 - COLLAR HIMA M', 'PA021', '340.00', '1.000', '0.000', '0.00', '340.00', '-433.00', 162, 23, '2022-05-31 04:31:42', '2022-05-31 04:31:42'),
(683, 87, 'PV006 - ORCALMIN 200ml', 'PV006', '440.00', '1.000', '0.000', '0.00', '440.00', '-333.00', 96, 23, '2022-05-31 04:31:42', '2022-05-31 04:31:42'),
(684, 182, 'CT001 - C TETRA 100g', 'CT001', '420.00', '4.000', '0.000', '0.00', '1680.00', '-1412.00', 127, 23, '2022-05-31 04:31:42', '2022-05-31 04:31:42'),
(685, 100, 'PV029 - NUTRICOAT 200ml', 'PV029', '1450.00', '1.000', '0.000', '0.00', '1450.00', '677.00', 36, 23, '2022-05-31 04:31:42', '2022-05-31 04:31:42'),
(686, 91, 'PV011 - VEROL 200ml', 'PV011', '1300.00', '1.000', '0.000', '0.00', '1300.00', '527.00', 98, 23, '2022-05-31 04:31:42', '2022-05-31 04:31:42'),
(687, 113, 'EP006 - TIXFREE 2-10', 'EP006', '500.00', '1.000', '0.000', '0.00', '500.00', '-273.00', 104, 23, '2022-05-31 04:31:42', '2022-05-31 04:31:42'),
(688, 23, 'MV002 - CHICK TONIC 1L', 'MV002', '2050.00', '1.000', '0.000', '0.00', '2050.00', '1277.00', 58, 23, '2022-05-31 04:31:42', '2022-05-31 04:31:42'),
(689, 4, 'CM004 - AMINOL 1Kg', 'CM004', '340.00', '1.000', '0.000', '0.00', '340.00', '-433.00', 6, 23, '2022-05-31 04:31:42', '2022-05-31 04:31:42'),
(690, 65, 'LS007 - HELMOSOL 10g', 'LS007', '60.00', '1.000', '0.000', '0.00', '60.00', '-713.00', 81, 23, '2022-05-31 04:31:42', '2022-05-31 04:31:42'),
(691, 100, 'PV029 - NUTRICOAT 200ml', 'PV029', '1450.00', '1.000', '0.000', '0.00', '1450.00', '677.00', 36, 23, '2022-05-31 04:31:42', '2022-05-31 04:31:42'),
(692, 87, 'PV006 - ORCALMIN 200ml', 'PV006', '440.00', '1.000', '0.000', '0.00', '440.00', '-333.00', 96, 23, '2022-05-31 04:31:42', '2022-05-31 04:31:42'),
(693, 301, 'PF021 - PEDIGREE ADULT 400G', 'PF021', '375.00', '2.000', '0.000', '0.00', '750.00', '-796.00', 221, 23, '2022-05-31 04:31:42', '2022-05-31 04:31:42'),
(694, 112, 'EP003 - TICKAMIT 10ml', 'EP003', '470.00', '1.000', '0.000', '0.00', '470.00', '-303.00', 42, 23, '2022-05-31 04:31:42', '2022-05-31 04:31:42'),
(695, 79, 'WS007 - REMADIUM 100ml', 'WS007', '340.00', '1.000', '0.000', '0.00', '340.00', '-433.00', 89, 23, '2022-05-31 04:31:42', '2022-05-31 04:31:42'),
(696, 82, 'PF004 - CLASSIC PET  ADULT 500g', 'PF004', '395.00', '1.000', '0.000', '0.00', '395.00', '-378.00', 226, 23, '2022-05-31 04:31:42', '2022-05-31 04:31:42'),
(697, 301, 'PF021 - PEDIGREE ADULT 400G', 'PF021', '375.00', '1.000', '0.000', '0.00', '375.00', '-398.00', 221, 23, '2022-05-31 04:31:42', '2022-05-31 04:31:42'),
(698, 232, 'PA022 - COLLAR HIMA L', 'PA022', '380.00', '1.000', '0.000', '0.00', '380.00', '-393.00', 163, 23, '2022-05-31 04:31:42', '2022-05-31 04:31:42'),
(699, 115, 'EP008 - TIXFREE 20-40', 'EP008', '700.00', '1.000', '0.000', '0.00', '700.00', '-73.00', 106, 23, '2022-05-31 04:31:42', '2022-05-31 04:31:42'),
(700, 112, 'EP003 - TICKAMIT 10ml', 'EP003', '470.00', '1.000', '0.000', '0.00', '470.00', '-303.00', 42, 23, '2022-05-31 04:31:42', '2022-05-31 04:31:42'),
(701, 118, 'EP016 - DELZ 10ml', 'EP016', '350.00', '1.000', '0.000', '0.00', '350.00', '-423.00', 110, 23, '2022-05-31 04:31:42', '2022-05-31 04:31:42'),
(702, 198, 'PS005 - TICK OUT', 'PS005', '280.00', '1.000', '0.000', '0.00', '280.00', '-493.00', 17, 23, '2022-05-31 04:31:42', '2022-05-31 04:31:42'),
(703, 197, 'PS004 - SEBO RID 100ml', 'PS004', '350.00', '1.000', '0.000', '10.00', '340.00', '-423.00', 16, 23, '2022-05-31 04:31:42', '2022-05-31 04:31:42'),
(704, 67, 'PD003 - NICLOLIVA 2TAB', 'PD003', '90.00', '1.000', '0.000', '0.00', '90.00', '-683.00', 83, 23, '2022-05-31 04:31:42', '2022-05-31 04:31:42'),
(705, 93, 'PV018 - CANNY BOOST', 'PV018', '830.00', '1.000', '0.000', '0.00', '830.00', '57.00', 53, 23, '2022-05-31 04:31:42', '2022-05-31 04:31:42'),
(706, 103, 'PV033 - NUTRI-COAT AD 200g', 'PV033', '1900.00', '1.000', '0.000', '0.00', '1900.00', '1127.00', 34, 23, '2022-05-31 04:31:42', '2022-05-31 04:31:42'),
(707, 69, 'PD009 - UNIVERM TOTAL 1TAB', 'PD009', '110.00', '3.000', '0.000', '0.00', '330.00', '-1989.00', 84, 23, '2022-05-31 04:31:42', '2022-05-31 04:31:42'),
(708, 72, 'WH004 - NEGASANT 40g', 'WH004', '410.00', '1.000', '0.000', '0.00', '410.00', '-363.00', 40, 23, '2022-05-31 04:31:42', '2022-05-31 04:31:42'),
(709, 284, 'PF018 - MAXI PUPPY 4KG', 'PF018', '7600.00', '1.000', '0.000', '0.00', '7600.00', '6827.00', 210, 23, '2022-05-31 04:31:42', '2022-05-31 04:31:42'),
(710, 4, 'CM004 - AMINOL 1Kg', 'CM004', '340.00', '1.000', '0.000', '0.00', '340.00', '-433.00', 6, 24, '2022-05-31 04:32:48', '2022-05-31 04:32:48'),
(711, 311, 'PP003 - TALFO LAVENDER 90G', 'PP003', '360.00', '1.000', '0.000', '0.00', '360.00', '-413.00', 218, 24, '2022-05-31 04:32:48', '2022-05-31 04:32:48'),
(712, 80, 'WS012 - GREEN X 100ml', 'WS012', '340.00', '1.000', '0.000', '0.00', '340.00', '-433.00', 90, 24, '2022-05-31 04:32:48', '2022-05-31 04:32:48'),
(713, 118, 'EP016 - DELZ 10ml', 'EP016', '350.00', '4.000', '0.000', '0.00', '1400.00', '-1692.00', 110, 24, '2022-05-31 04:32:48', '2022-05-31 04:32:48'),
(714, 302, 'PF022 - PEDIGREE PUPPY 1.2 KG', 'PF022', '1110.00', '1.000', '0.000', '10.00', '1100.00', '337.00', 222, 24, '2022-05-31 04:32:48', '2022-05-31 04:32:48'),
(715, 69, 'PD009 - UNIVERM TOTAL 1TAB', 'PD009', '110.00', '2.000', '0.000', '0.00', '220.00', '-1326.00', 84, 24, '2022-05-31 04:32:48', '2022-05-31 04:32:48'),
(716, 232, 'PA022 - COLLAR HIMA L', 'PA022', '380.00', '1.000', '0.000', '0.00', '380.00', '-393.00', 163, 24, '2022-05-31 04:32:48', '2022-05-31 04:32:48'),
(717, 124, 'EP038 - NILMANGE LO 30g', 'EP038', '230.00', '1.000', '0.000', '0.00', '230.00', '-543.00', 115, 24, '2022-05-31 04:32:48', '2022-05-31 04:32:48'),
(718, 67, 'PD003 - NICLOLIVA 2TAB', 'PD003', '90.00', '1.000', '0.000', '0.00', '90.00', '-683.00', 83, 24, '2022-05-31 04:32:48', '2022-05-31 04:32:48'),
(719, 71, 'PD011 - DRONTAL PLUS 2TAB', 'PD011', '320.00', '1.000', '0.000', '0.00', '320.00', '-453.00', 39, 24, '2022-05-31 04:32:48', '2022-05-31 04:32:48'),
(720, 121, 'EP020 - NEXTGUARD 10-25', 'EP020', '2150.00', '1.000', '0.000', '0.00', '2150.00', '1377.00', 113, 24, '2022-05-31 04:32:48', '2022-05-31 04:32:48'),
(721, 255, 'PA086 - HEAVY HARNESS LEAD', 'PA086', '1300.00', '1.000', '0.000', '0.00', '1300.00', '527.00', 183, 24, '2022-05-31 04:32:48', '2022-05-31 04:32:48'),
(722, 69, 'PD009 - UNIVERM TOTAL 1TAB', 'PD009', '110.00', '5.000', '0.000', '0.00', '550.00', '-3315.00', 84, 24, '2022-05-31 04:32:48', '2022-05-31 04:32:48'),
(723, 99, 'PV028 - CANNY B&E 90S', 'PV028', '860.00', '1.000', '0.000', '0.00', '860.00', '87.00', 51, 24, '2022-05-31 04:32:48', '2022-05-31 04:32:48'),
(724, 4, 'CM004 - AMINOL 1Kg', 'CM004', '340.00', '1.000', '0.000', '0.00', '340.00', '-433.00', 6, 24, '2022-05-31 04:32:48', '2022-05-31 04:32:48'),
(725, 2, 'AM002 - AMINOL 10Kg(BUCKET)', 'AM002', '3450.00', '1.000', '0.000', '0.00', '3450.00', '2677.00', 4, 24, '2022-05-31 04:32:48', '2022-05-31 04:32:48'),
(726, 221, 'PA002 - CHEW BONE M', 'PA002', '400.00', '1.000', '0.000', '0.00', '400.00', '-373.00', 152, 24, '2022-05-31 04:32:48', '2022-05-31 04:32:48'),
(727, 82, 'PF004 - CLASSIC PET  ADULT 500g', 'PF004', '395.00', '2.000', '0.000', '0.00', '790.00', '-756.00', 226, 24, '2022-05-31 04:32:48', '2022-05-31 04:32:48'),
(728, 70, 'PD012 - NOWORM 1TAB', 'PD012', '90.00', '4.000', '0.000', '0.00', '360.00', '-2732.00', 85, 24, '2022-05-31 04:32:48', '2022-05-31 04:32:48'),
(729, 123, 'EP023 - NEXTGUARD 25-50', 'EP023', '2650.00', '1.000', '0.000', '0.00', '2650.00', '1877.00', 114, 24, '2022-05-31 04:32:48', '2022-05-31 04:32:48'),
(730, 73, 'WH006 - REGEN 40g', 'WH006', '250.00', '1.000', '0.000', '0.00', '250.00', '-523.00', 49, 24, '2022-05-31 04:32:48', '2022-05-31 04:32:48'),
(731, 23, 'MV002 - CHICK TONIC 1L', 'MV002', '2050.00', '2.000', '0.000', '0.00', '4100.00', '2554.00', 58, 24, '2022-05-31 04:32:48', '2022-05-31 04:32:48'),
(732, 64, 'LS006 - HELMASOL 100g', 'LS006', '390.00', '3.000', '0.000', '0.00', '1170.00', '-1149.00', 80, 24, '2022-05-31 04:32:48', '2022-05-31 04:32:48'),
(733, 158, 'LD016 - ANALAGON 150mg', 'LD016', '145.00', '3.000', '0.000', '0.00', '435.00', '-1884.00', 46, 24, '2022-05-31 04:32:48', '2022-05-31 04:32:48'),
(734, 71, 'PD011 - DRONTAL PLUS 2TAB', 'PD011', '320.00', '1.000', '0.000', '0.00', '320.00', '-453.00', 39, 24, '2022-05-31 04:32:48', '2022-05-31 04:32:48'),
(735, 93, 'PV018 - CANNY BOOST', 'PV018', '830.00', '1.000', '0.000', '0.00', '830.00', '57.00', 53, 24, '2022-05-31 04:32:48', '2022-05-31 04:32:48'),
(736, 229, 'PA017 - PET NAIL CLIPPER', 'PA017', '1000.00', '1.000', '0.000', '0.00', '1000.00', '227.00', 160, 24, '2022-05-31 04:32:48', '2022-05-31 04:32:48'),
(737, 93, 'PV018 - CANNY BOOST', 'PV018', '830.00', '1.000', '0.000', '30.00', '800.00', '57.00', 53, 24, '2022-05-31 04:32:48', '2022-05-31 04:32:48'),
(738, 71, 'PD011 - DRONTAL PLUS 2TAB', 'PD011', '320.00', '1.000', '0.000', '0.00', '320.00', '-453.00', 39, 24, '2022-05-31 04:32:48', '2022-05-31 04:32:48'),
(739, 194, 'EF019 - AVIGANADEXIL 10ml', 'EF019', '130.00', '1.000', '0.000', '0.00', '130.00', '-643.00', 133, 24, '2022-05-31 04:32:48', '2022-05-31 04:32:48'),
(740, 65, 'LS007 - HELMOSOL 10g', 'LS007', '60.00', '1.000', '0.000', '0.00', '60.00', '-713.00', 81, 24, '2022-05-31 04:32:48', '2022-05-31 04:32:48'),
(741, 261, 'PA092 - PET COLLAR WITH BELL', 'PA092', '280.00', '1.000', '0.000', '0.00', '280.00', '-493.00', 190, 24, '2022-05-31 04:32:48', '2022-05-31 04:32:48'),
(742, 196, 'PS003 - TICK OUT 100ml', 'PS003', '350.00', '1.000', '0.000', '0.00', '350.00', '-423.00', 15, 24, '2022-05-31 04:32:48', '2022-05-31 04:32:48'),
(743, 199, 'PS006 - TICK & FREE 200ml', 'PS006', '600.00', '1.000', '0.000', '0.00', '600.00', '-173.00', 18, 24, '2022-05-31 04:32:48', '2022-05-31 04:32:48'),
(744, 115, 'EP008 - TIXFREE 20-40', 'EP008', '700.00', '1.000', '0.000', '0.00', '700.00', '-73.00', 106, 24, '2022-05-31 04:32:48', '2022-05-31 04:32:48'),
(745, 197, 'PS004 - SEBO RID 100ml', 'PS004', '350.00', '1.000', '0.000', '0.00', '350.00', '-423.00', 16, 24, '2022-05-31 04:32:48', '2022-05-31 04:32:48'),
(746, 80, 'WS012 - GREEN X 100ml', 'WS012', '340.00', '1.000', '0.000', '0.00', '340.00', '-433.00', 90, 24, '2022-05-31 04:32:48', '2022-05-31 04:32:48'),
(747, 231, 'PA021 - COLLAR HIMA M', 'PA021', '340.00', '1.000', '0.000', '0.00', '340.00', '-433.00', 162, 24, '2022-05-31 04:32:48', '2022-05-31 04:32:48'),
(748, 87, 'PV006 - ORCALMIN 200ml', 'PV006', '440.00', '1.000', '0.000', '0.00', '440.00', '-333.00', 96, 24, '2022-05-31 04:32:48', '2022-05-31 04:32:48'),
(749, 182, 'CT001 - C TETRA 100g', 'CT001', '420.00', '4.000', '0.000', '0.00', '1680.00', '-1412.00', 127, 24, '2022-05-31 04:32:48', '2022-05-31 04:32:48'),
(750, 100, 'PV029 - NUTRICOAT 200ml', 'PV029', '1450.00', '1.000', '0.000', '0.00', '1450.00', '677.00', 36, 24, '2022-05-31 04:32:48', '2022-05-31 04:32:48'),
(751, 91, 'PV011 - VEROL 200ml', 'PV011', '1300.00', '1.000', '0.000', '0.00', '1300.00', '527.00', 98, 24, '2022-05-31 04:32:48', '2022-05-31 04:32:48'),
(752, 113, 'EP006 - TIXFREE 2-10', 'EP006', '500.00', '1.000', '0.000', '0.00', '500.00', '-273.00', 104, 24, '2022-05-31 04:32:48', '2022-05-31 04:32:48'),
(753, 23, 'MV002 - CHICK TONIC 1L', 'MV002', '2050.00', '1.000', '0.000', '0.00', '2050.00', '1277.00', 58, 24, '2022-05-31 04:32:48', '2022-05-31 04:32:48'),
(754, 4, 'CM004 - AMINOL 1Kg', 'CM004', '340.00', '1.000', '0.000', '0.00', '340.00', '-433.00', 6, 24, '2022-05-31 04:32:48', '2022-05-31 04:32:48'),
(755, 65, 'LS007 - HELMOSOL 10g', 'LS007', '60.00', '1.000', '0.000', '0.00', '60.00', '-713.00', 81, 24, '2022-05-31 04:32:48', '2022-05-31 04:32:48'),
(756, 100, 'PV029 - NUTRICOAT 200ml', 'PV029', '1450.00', '1.000', '0.000', '0.00', '1450.00', '677.00', 36, 24, '2022-05-31 04:32:48', '2022-05-31 04:32:48'),
(757, 87, 'PV006 - ORCALMIN 200ml', 'PV006', '440.00', '1.000', '0.000', '0.00', '440.00', '-333.00', 96, 24, '2022-05-31 04:32:48', '2022-05-31 04:32:48'),
(758, 301, 'PF021 - PEDIGREE ADULT 400G', 'PF021', '375.00', '2.000', '0.000', '0.00', '750.00', '-796.00', 221, 24, '2022-05-31 04:32:48', '2022-05-31 04:32:48'),
(759, 112, 'EP003 - TICKAMIT 10ml', 'EP003', '470.00', '1.000', '0.000', '0.00', '470.00', '-303.00', 42, 24, '2022-05-31 04:32:48', '2022-05-31 04:32:48'),
(760, 79, 'WS007 - REMADIUM 100ml', 'WS007', '340.00', '1.000', '0.000', '0.00', '340.00', '-433.00', 89, 24, '2022-05-31 04:32:48', '2022-05-31 04:32:48'),
(761, 82, 'PF004 - CLASSIC PET  ADULT 500g', 'PF004', '395.00', '1.000', '0.000', '0.00', '395.00', '-378.00', 226, 24, '2022-05-31 04:32:48', '2022-05-31 04:32:48'),
(762, 301, 'PF021 - PEDIGREE ADULT 400G', 'PF021', '375.00', '1.000', '0.000', '0.00', '375.00', '-398.00', 221, 24, '2022-05-31 04:32:48', '2022-05-31 04:32:48'),
(763, 232, 'PA022 - COLLAR HIMA L', 'PA022', '380.00', '1.000', '0.000', '0.00', '380.00', '-393.00', 163, 24, '2022-05-31 04:32:48', '2022-05-31 04:32:48'),
(764, 115, 'EP008 - TIXFREE 20-40', 'EP008', '700.00', '1.000', '0.000', '0.00', '700.00', '-73.00', 106, 24, '2022-05-31 04:32:48', '2022-05-31 04:32:48'),
(765, 112, 'EP003 - TICKAMIT 10ml', 'EP003', '470.00', '1.000', '0.000', '0.00', '470.00', '-303.00', 42, 24, '2022-05-31 04:32:48', '2022-05-31 04:32:48'),
(766, 118, 'EP016 - DELZ 10ml', 'EP016', '350.00', '1.000', '0.000', '0.00', '350.00', '-423.00', 110, 24, '2022-05-31 04:32:48', '2022-05-31 04:32:48'),
(767, 198, 'PS005 - TICK OUT', 'PS005', '280.00', '1.000', '0.000', '0.00', '280.00', '-493.00', 17, 24, '2022-05-31 04:32:48', '2022-05-31 04:32:48'),
(768, 197, 'PS004 - SEBO RID 100ml', 'PS004', '350.00', '1.000', '0.000', '10.00', '340.00', '-423.00', 16, 24, '2022-05-31 04:32:48', '2022-05-31 04:32:48'),
(769, 67, 'PD003 - NICLOLIVA 2TAB', 'PD003', '90.00', '1.000', '0.000', '0.00', '90.00', '-683.00', 83, 24, '2022-05-31 04:32:48', '2022-05-31 04:32:48'),
(770, 93, 'PV018 - CANNY BOOST', 'PV018', '830.00', '1.000', '0.000', '0.00', '830.00', '57.00', 53, 24, '2022-05-31 04:32:48', '2022-05-31 04:32:48'),
(771, 103, 'PV033 - NUTRI-COAT AD 200g', 'PV033', '1900.00', '1.000', '0.000', '0.00', '1900.00', '1127.00', 34, 24, '2022-05-31 04:32:48', '2022-05-31 04:32:48'),
(772, 69, 'PD009 - UNIVERM TOTAL 1TAB', 'PD009', '110.00', '3.000', '0.000', '0.00', '330.00', '-1989.00', 84, 24, '2022-05-31 04:32:48', '2022-05-31 04:32:48'),
(773, 72, 'WH004 - NEGASANT 40g', 'WH004', '410.00', '1.000', '0.000', '0.00', '410.00', '-363.00', 40, 24, '2022-05-31 04:32:48', '2022-05-31 04:32:48'),
(774, 284, 'PF018 - MAXI PUPPY 4KG', 'PF018', '7600.00', '1.000', '0.000', '0.00', '7600.00', '6827.00', 210, 24, '2022-05-31 04:32:48', '2022-05-31 04:32:48'),
(775, 4, 'CM004 - AMINOL 1Kg', 'CM004', '340.00', '1.000', '0.000', '0.00', '340.00', '-433.00', 6, 25, '2022-05-31 04:33:04', '2022-05-31 04:33:04'),
(776, 311, 'PP003 - TALFO LAVENDER 90G', 'PP003', '360.00', '1.000', '0.000', '0.00', '360.00', '-413.00', 218, 25, '2022-05-31 04:33:04', '2022-05-31 04:33:04'),
(777, 80, 'WS012 - GREEN X 100ml', 'WS012', '340.00', '1.000', '0.000', '0.00', '340.00', '-433.00', 90, 25, '2022-05-31 04:33:04', '2022-05-31 04:33:04'),
(778, 118, 'EP016 - DELZ 10ml', 'EP016', '350.00', '4.000', '0.000', '0.00', '1400.00', '-1692.00', 110, 25, '2022-05-31 04:33:04', '2022-05-31 04:33:04'),
(779, 302, 'PF022 - PEDIGREE PUPPY 1.2 KG', 'PF022', '1110.00', '1.000', '0.000', '10.00', '1100.00', '337.00', 222, 25, '2022-05-31 04:33:04', '2022-05-31 04:33:04'),
(780, 69, 'PD009 - UNIVERM TOTAL 1TAB', 'PD009', '110.00', '2.000', '0.000', '0.00', '220.00', '-1326.00', 84, 25, '2022-05-31 04:33:04', '2022-05-31 04:33:04'),
(781, 232, 'PA022 - COLLAR HIMA L', 'PA022', '380.00', '1.000', '0.000', '0.00', '380.00', '-393.00', 163, 25, '2022-05-31 04:33:04', '2022-05-31 04:33:04'),
(782, 124, 'EP038 - NILMANGE LO 30g', 'EP038', '230.00', '1.000', '0.000', '0.00', '230.00', '-543.00', 115, 25, '2022-05-31 04:33:04', '2022-05-31 04:33:04'),
(783, 67, 'PD003 - NICLOLIVA 2TAB', 'PD003', '90.00', '1.000', '0.000', '0.00', '90.00', '-683.00', 83, 25, '2022-05-31 04:33:04', '2022-05-31 04:33:04'),
(784, 71, 'PD011 - DRONTAL PLUS 2TAB', 'PD011', '320.00', '1.000', '0.000', '0.00', '320.00', '-453.00', 39, 25, '2022-05-31 04:33:04', '2022-05-31 04:33:04'),
(785, 121, 'EP020 - NEXTGUARD 10-25', 'EP020', '2150.00', '1.000', '0.000', '0.00', '2150.00', '1377.00', 113, 25, '2022-05-31 04:33:04', '2022-05-31 04:33:04'),
(786, 255, 'PA086 - HEAVY HARNESS LEAD', 'PA086', '1300.00', '1.000', '0.000', '0.00', '1300.00', '527.00', 183, 25, '2022-05-31 04:33:04', '2022-05-31 04:33:04'),
(787, 69, 'PD009 - UNIVERM TOTAL 1TAB', 'PD009', '110.00', '5.000', '0.000', '0.00', '550.00', '-3315.00', 84, 25, '2022-05-31 04:33:04', '2022-05-31 04:33:04'),
(788, 99, 'PV028 - CANNY B&E 90S', 'PV028', '860.00', '1.000', '0.000', '0.00', '860.00', '87.00', 51, 25, '2022-05-31 04:33:04', '2022-05-31 04:33:04'),
(789, 4, 'CM004 - AMINOL 1Kg', 'CM004', '340.00', '1.000', '0.000', '0.00', '340.00', '-433.00', 6, 25, '2022-05-31 04:33:04', '2022-05-31 04:33:04'),
(790, 2, 'AM002 - AMINOL 10Kg(BUCKET)', 'AM002', '3450.00', '1.000', '0.000', '0.00', '3450.00', '2677.00', 4, 25, '2022-05-31 04:33:04', '2022-05-31 04:33:04'),
(791, 221, 'PA002 - CHEW BONE M', 'PA002', '400.00', '1.000', '0.000', '0.00', '400.00', '-373.00', 152, 25, '2022-05-31 04:33:04', '2022-05-31 04:33:04'),
(792, 82, 'PF004 - CLASSIC PET  ADULT 500g', 'PF004', '395.00', '2.000', '0.000', '0.00', '790.00', '-756.00', 226, 25, '2022-05-31 04:33:04', '2022-05-31 04:33:04'),
(793, 70, 'PD012 - NOWORM 1TAB', 'PD012', '90.00', '4.000', '0.000', '0.00', '360.00', '-2732.00', 85, 25, '2022-05-31 04:33:04', '2022-05-31 04:33:04'),
(794, 123, 'EP023 - NEXTGUARD 25-50', 'EP023', '2650.00', '1.000', '0.000', '0.00', '2650.00', '1877.00', 114, 25, '2022-05-31 04:33:04', '2022-05-31 04:33:04'),
(795, 73, 'WH006 - REGEN 40g', 'WH006', '250.00', '1.000', '0.000', '0.00', '250.00', '-523.00', 49, 25, '2022-05-31 04:33:04', '2022-05-31 04:33:04'),
(796, 23, 'MV002 - CHICK TONIC 1L', 'MV002', '2050.00', '2.000', '0.000', '0.00', '4100.00', '2554.00', 58, 25, '2022-05-31 04:33:04', '2022-05-31 04:33:04'),
(797, 64, 'LS006 - HELMASOL 100g', 'LS006', '390.00', '3.000', '0.000', '0.00', '1170.00', '-1149.00', 80, 25, '2022-05-31 04:33:04', '2022-05-31 04:33:04'),
(798, 158, 'LD016 - ANALAGON 150mg', 'LD016', '145.00', '3.000', '0.000', '0.00', '435.00', '-1884.00', 46, 25, '2022-05-31 04:33:04', '2022-05-31 04:33:04'),
(799, 71, 'PD011 - DRONTAL PLUS 2TAB', 'PD011', '320.00', '1.000', '0.000', '0.00', '320.00', '-453.00', 39, 25, '2022-05-31 04:33:04', '2022-05-31 04:33:04'),
(800, 93, 'PV018 - CANNY BOOST', 'PV018', '830.00', '1.000', '0.000', '0.00', '830.00', '57.00', 53, 25, '2022-05-31 04:33:04', '2022-05-31 04:33:04'),
(801, 229, 'PA017 - PET NAIL CLIPPER', 'PA017', '1000.00', '1.000', '0.000', '0.00', '1000.00', '227.00', 160, 25, '2022-05-31 04:33:04', '2022-05-31 04:33:04'),
(802, 93, 'PV018 - CANNY BOOST', 'PV018', '830.00', '1.000', '0.000', '30.00', '800.00', '57.00', 53, 25, '2022-05-31 04:33:04', '2022-05-31 04:33:04'),
(803, 71, 'PD011 - DRONTAL PLUS 2TAB', 'PD011', '320.00', '1.000', '0.000', '0.00', '320.00', '-453.00', 39, 25, '2022-05-31 04:33:04', '2022-05-31 04:33:04'),
(804, 194, 'EF019 - AVIGANADEXIL 10ml', 'EF019', '130.00', '1.000', '0.000', '0.00', '130.00', '-643.00', 133, 25, '2022-05-31 04:33:04', '2022-05-31 04:33:04'),
(805, 65, 'LS007 - HELMOSOL 10g', 'LS007', '60.00', '1.000', '0.000', '0.00', '60.00', '-713.00', 81, 25, '2022-05-31 04:33:04', '2022-05-31 04:33:04'),
(806, 261, 'PA092 - PET COLLAR WITH BELL', 'PA092', '280.00', '1.000', '0.000', '0.00', '280.00', '-493.00', 190, 25, '2022-05-31 04:33:04', '2022-05-31 04:33:04'),
(807, 196, 'PS003 - TICK OUT 100ml', 'PS003', '350.00', '1.000', '0.000', '0.00', '350.00', '-423.00', 15, 25, '2022-05-31 04:33:04', '2022-05-31 04:33:04'),
(808, 199, 'PS006 - TICK & FREE 200ml', 'PS006', '600.00', '1.000', '0.000', '0.00', '600.00', '-173.00', 18, 25, '2022-05-31 04:33:04', '2022-05-31 04:33:04'),
(809, 115, 'EP008 - TIXFREE 20-40', 'EP008', '700.00', '1.000', '0.000', '0.00', '700.00', '-73.00', 106, 25, '2022-05-31 04:33:04', '2022-05-31 04:33:04'),
(810, 197, 'PS004 - SEBO RID 100ml', 'PS004', '350.00', '1.000', '0.000', '0.00', '350.00', '-423.00', 16, 25, '2022-05-31 04:33:04', '2022-05-31 04:33:04'),
(811, 80, 'WS012 - GREEN X 100ml', 'WS012', '340.00', '1.000', '0.000', '0.00', '340.00', '-433.00', 90, 25, '2022-05-31 04:33:04', '2022-05-31 04:33:04'),
(812, 231, 'PA021 - COLLAR HIMA M', 'PA021', '340.00', '1.000', '0.000', '0.00', '340.00', '-433.00', 162, 25, '2022-05-31 04:33:04', '2022-05-31 04:33:04'),
(813, 87, 'PV006 - ORCALMIN 200ml', 'PV006', '440.00', '1.000', '0.000', '0.00', '440.00', '-333.00', 96, 25, '2022-05-31 04:33:04', '2022-05-31 04:33:04'),
(814, 182, 'CT001 - C TETRA 100g', 'CT001', '420.00', '4.000', '0.000', '0.00', '1680.00', '-1412.00', 127, 25, '2022-05-31 04:33:04', '2022-05-31 04:33:04'),
(815, 100, 'PV029 - NUTRICOAT 200ml', 'PV029', '1450.00', '1.000', '0.000', '0.00', '1450.00', '677.00', 36, 25, '2022-05-31 04:33:04', '2022-05-31 04:33:04'),
(816, 91, 'PV011 - VEROL 200ml', 'PV011', '1300.00', '1.000', '0.000', '0.00', '1300.00', '527.00', 98, 25, '2022-05-31 04:33:04', '2022-05-31 04:33:04'),
(817, 113, 'EP006 - TIXFREE 2-10', 'EP006', '500.00', '1.000', '0.000', '0.00', '500.00', '-273.00', 104, 25, '2022-05-31 04:33:04', '2022-05-31 04:33:04'),
(818, 23, 'MV002 - CHICK TONIC 1L', 'MV002', '2050.00', '1.000', '0.000', '0.00', '2050.00', '1277.00', 58, 25, '2022-05-31 04:33:04', '2022-05-31 04:33:04'),
(819, 4, 'CM004 - AMINOL 1Kg', 'CM004', '340.00', '1.000', '0.000', '0.00', '340.00', '-433.00', 6, 25, '2022-05-31 04:33:04', '2022-05-31 04:33:04'),
(820, 65, 'LS007 - HELMOSOL 10g', 'LS007', '60.00', '1.000', '0.000', '0.00', '60.00', '-713.00', 81, 25, '2022-05-31 04:33:04', '2022-05-31 04:33:04'),
(821, 100, 'PV029 - NUTRICOAT 200ml', 'PV029', '1450.00', '1.000', '0.000', '0.00', '1450.00', '677.00', 36, 25, '2022-05-31 04:33:04', '2022-05-31 04:33:04'),
(822, 87, 'PV006 - ORCALMIN 200ml', 'PV006', '440.00', '1.000', '0.000', '0.00', '440.00', '-333.00', 96, 25, '2022-05-31 04:33:04', '2022-05-31 04:33:04'),
(823, 301, 'PF021 - PEDIGREE ADULT 400G', 'PF021', '375.00', '2.000', '0.000', '0.00', '750.00', '-796.00', 221, 25, '2022-05-31 04:33:04', '2022-05-31 04:33:04'),
(824, 112, 'EP003 - TICKAMIT 10ml', 'EP003', '470.00', '1.000', '0.000', '0.00', '470.00', '-303.00', 42, 25, '2022-05-31 04:33:04', '2022-05-31 04:33:04'),
(825, 79, 'WS007 - REMADIUM 100ml', 'WS007', '340.00', '1.000', '0.000', '0.00', '340.00', '-433.00', 89, 25, '2022-05-31 04:33:04', '2022-05-31 04:33:04'),
(826, 82, 'PF004 - CLASSIC PET  ADULT 500g', 'PF004', '395.00', '1.000', '0.000', '0.00', '395.00', '-378.00', 226, 25, '2022-05-31 04:33:04', '2022-05-31 04:33:04'),
(827, 301, 'PF021 - PEDIGREE ADULT 400G', 'PF021', '375.00', '1.000', '0.000', '0.00', '375.00', '-398.00', 221, 25, '2022-05-31 04:33:04', '2022-05-31 04:33:04'),
(828, 232, 'PA022 - COLLAR HIMA L', 'PA022', '380.00', '1.000', '0.000', '0.00', '380.00', '-393.00', 163, 25, '2022-05-31 04:33:04', '2022-05-31 04:33:04'),
(829, 115, 'EP008 - TIXFREE 20-40', 'EP008', '700.00', '1.000', '0.000', '0.00', '700.00', '-73.00', 106, 25, '2022-05-31 04:33:04', '2022-05-31 04:33:04'),
(830, 112, 'EP003 - TICKAMIT 10ml', 'EP003', '470.00', '1.000', '0.000', '0.00', '470.00', '-303.00', 42, 25, '2022-05-31 04:33:04', '2022-05-31 04:33:04'),
(831, 118, 'EP016 - DELZ 10ml', 'EP016', '350.00', '1.000', '0.000', '0.00', '350.00', '-423.00', 110, 25, '2022-05-31 04:33:04', '2022-05-31 04:33:04'),
(832, 198, 'PS005 - TICK OUT', 'PS005', '280.00', '1.000', '0.000', '0.00', '280.00', '-493.00', 17, 25, '2022-05-31 04:33:04', '2022-05-31 04:33:04'),
(833, 197, 'PS004 - SEBO RID 100ml', 'PS004', '350.00', '1.000', '0.000', '10.00', '340.00', '-423.00', 16, 25, '2022-05-31 04:33:04', '2022-05-31 04:33:04'),
(834, 67, 'PD003 - NICLOLIVA 2TAB', 'PD003', '90.00', '1.000', '0.000', '0.00', '90.00', '-683.00', 83, 25, '2022-05-31 04:33:04', '2022-05-31 04:33:04'),
(835, 93, 'PV018 - CANNY BOOST', 'PV018', '830.00', '1.000', '0.000', '0.00', '830.00', '57.00', 53, 25, '2022-05-31 04:33:04', '2022-05-31 04:33:04'),
(836, 103, 'PV033 - NUTRI-COAT AD 200g', 'PV033', '1900.00', '1.000', '0.000', '0.00', '1900.00', '1127.00', 34, 25, '2022-05-31 04:33:04', '2022-05-31 04:33:04'),
(837, 69, 'PD009 - UNIVERM TOTAL 1TAB', 'PD009', '110.00', '3.000', '0.000', '0.00', '330.00', '-1989.00', 84, 25, '2022-05-31 04:33:04', '2022-05-31 04:33:04'),
(838, 72, 'WH004 - NEGASANT 40g', 'WH004', '410.00', '1.000', '0.000', '0.00', '410.00', '-363.00', 40, 25, '2022-05-31 04:33:04', '2022-05-31 04:33:04'),
(839, 284, 'PF018 - MAXI PUPPY 4KG', 'PF018', '7600.00', '1.000', '0.000', '0.00', '7600.00', '6827.00', 210, 25, '2022-05-31 04:33:04', '2022-05-31 04:33:04'),
(840, 4, 'CM004 - AMINOL 1Kg', 'CM004', '340.00', '1.000', '0.000', '0.00', '340.00', '-433.00', 6, 26, '2022-05-31 04:33:06', '2022-05-31 04:33:06'),
(841, 311, 'PP003 - TALFO LAVENDER 90G', 'PP003', '360.00', '1.000', '0.000', '0.00', '360.00', '-413.00', 218, 26, '2022-05-31 04:33:06', '2022-05-31 04:33:06'),
(842, 80, 'WS012 - GREEN X 100ml', 'WS012', '340.00', '1.000', '0.000', '0.00', '340.00', '-433.00', 90, 26, '2022-05-31 04:33:06', '2022-05-31 04:33:06'),
(843, 118, 'EP016 - DELZ 10ml', 'EP016', '350.00', '4.000', '0.000', '0.00', '1400.00', '-1692.00', 110, 26, '2022-05-31 04:33:06', '2022-05-31 04:33:06'),
(844, 302, 'PF022 - PEDIGREE PUPPY 1.2 KG', 'PF022', '1110.00', '1.000', '0.000', '10.00', '1100.00', '337.00', 222, 26, '2022-05-31 04:33:06', '2022-05-31 04:33:06'),
(845, 69, 'PD009 - UNIVERM TOTAL 1TAB', 'PD009', '110.00', '2.000', '0.000', '0.00', '220.00', '-1326.00', 84, 26, '2022-05-31 04:33:06', '2022-05-31 04:33:06'),
(846, 232, 'PA022 - COLLAR HIMA L', 'PA022', '380.00', '1.000', '0.000', '0.00', '380.00', '-393.00', 163, 26, '2022-05-31 04:33:06', '2022-05-31 04:33:06'),
(847, 124, 'EP038 - NILMANGE LO 30g', 'EP038', '230.00', '1.000', '0.000', '0.00', '230.00', '-543.00', 115, 26, '2022-05-31 04:33:06', '2022-05-31 04:33:06'),
(848, 67, 'PD003 - NICLOLIVA 2TAB', 'PD003', '90.00', '1.000', '0.000', '0.00', '90.00', '-683.00', 83, 26, '2022-05-31 04:33:06', '2022-05-31 04:33:06'),
(849, 71, 'PD011 - DRONTAL PLUS 2TAB', 'PD011', '320.00', '1.000', '0.000', '0.00', '320.00', '-453.00', 39, 26, '2022-05-31 04:33:06', '2022-05-31 04:33:06'),
(850, 121, 'EP020 - NEXTGUARD 10-25', 'EP020', '2150.00', '1.000', '0.000', '0.00', '2150.00', '1377.00', 113, 26, '2022-05-31 04:33:06', '2022-05-31 04:33:06'),
(851, 255, 'PA086 - HEAVY HARNESS LEAD', 'PA086', '1300.00', '1.000', '0.000', '0.00', '1300.00', '527.00', 183, 26, '2022-05-31 04:33:06', '2022-05-31 04:33:06'),
(852, 69, 'PD009 - UNIVERM TOTAL 1TAB', 'PD009', '110.00', '5.000', '0.000', '0.00', '550.00', '-3315.00', 84, 26, '2022-05-31 04:33:06', '2022-05-31 04:33:06'),
(853, 99, 'PV028 - CANNY B&E 90S', 'PV028', '860.00', '1.000', '0.000', '0.00', '860.00', '87.00', 51, 26, '2022-05-31 04:33:06', '2022-05-31 04:33:06'),
(854, 4, 'CM004 - AMINOL 1Kg', 'CM004', '340.00', '1.000', '0.000', '0.00', '340.00', '-433.00', 6, 26, '2022-05-31 04:33:06', '2022-05-31 04:33:06'),
(855, 2, 'AM002 - AMINOL 10Kg(BUCKET)', 'AM002', '3450.00', '1.000', '0.000', '0.00', '3450.00', '2677.00', 4, 26, '2022-05-31 04:33:06', '2022-05-31 04:33:06'),
(856, 221, 'PA002 - CHEW BONE M', 'PA002', '400.00', '1.000', '0.000', '0.00', '400.00', '-373.00', 152, 26, '2022-05-31 04:33:06', '2022-05-31 04:33:06'),
(857, 82, 'PF004 - CLASSIC PET  ADULT 500g', 'PF004', '395.00', '2.000', '0.000', '0.00', '790.00', '-756.00', 226, 26, '2022-05-31 04:33:06', '2022-05-31 04:33:06'),
(858, 70, 'PD012 - NOWORM 1TAB', 'PD012', '90.00', '4.000', '0.000', '0.00', '360.00', '-2732.00', 85, 26, '2022-05-31 04:33:06', '2022-05-31 04:33:06'),
(859, 123, 'EP023 - NEXTGUARD 25-50', 'EP023', '2650.00', '1.000', '0.000', '0.00', '2650.00', '1877.00', 114, 26, '2022-05-31 04:33:06', '2022-05-31 04:33:06'),
(860, 73, 'WH006 - REGEN 40g', 'WH006', '250.00', '1.000', '0.000', '0.00', '250.00', '-523.00', 49, 26, '2022-05-31 04:33:06', '2022-05-31 04:33:06'),
(861, 23, 'MV002 - CHICK TONIC 1L', 'MV002', '2050.00', '2.000', '0.000', '0.00', '4100.00', '2554.00', 58, 26, '2022-05-31 04:33:06', '2022-05-31 04:33:06'),
(862, 64, 'LS006 - HELMASOL 100g', 'LS006', '390.00', '3.000', '0.000', '0.00', '1170.00', '-1149.00', 80, 26, '2022-05-31 04:33:06', '2022-05-31 04:33:06'),
(863, 158, 'LD016 - ANALAGON 150mg', 'LD016', '145.00', '3.000', '0.000', '0.00', '435.00', '-1884.00', 46, 26, '2022-05-31 04:33:06', '2022-05-31 04:33:06'),
(864, 71, 'PD011 - DRONTAL PLUS 2TAB', 'PD011', '320.00', '1.000', '0.000', '0.00', '320.00', '-453.00', 39, 26, '2022-05-31 04:33:06', '2022-05-31 04:33:06'),
(865, 93, 'PV018 - CANNY BOOST', 'PV018', '830.00', '1.000', '0.000', '0.00', '830.00', '57.00', 53, 26, '2022-05-31 04:33:06', '2022-05-31 04:33:06'),
(866, 229, 'PA017 - PET NAIL CLIPPER', 'PA017', '1000.00', '1.000', '0.000', '0.00', '1000.00', '227.00', 160, 26, '2022-05-31 04:33:06', '2022-05-31 04:33:06'),
(867, 93, 'PV018 - CANNY BOOST', 'PV018', '830.00', '1.000', '0.000', '30.00', '800.00', '57.00', 53, 26, '2022-05-31 04:33:06', '2022-05-31 04:33:06'),
(868, 71, 'PD011 - DRONTAL PLUS 2TAB', 'PD011', '320.00', '1.000', '0.000', '0.00', '320.00', '-453.00', 39, 26, '2022-05-31 04:33:06', '2022-05-31 04:33:06'),
(869, 194, 'EF019 - AVIGANADEXIL 10ml', 'EF019', '130.00', '1.000', '0.000', '0.00', '130.00', '-643.00', 133, 26, '2022-05-31 04:33:06', '2022-05-31 04:33:06'),
(870, 65, 'LS007 - HELMOSOL 10g', 'LS007', '60.00', '1.000', '0.000', '0.00', '60.00', '-713.00', 81, 26, '2022-05-31 04:33:06', '2022-05-31 04:33:06'),
(871, 261, 'PA092 - PET COLLAR WITH BELL', 'PA092', '280.00', '1.000', '0.000', '0.00', '280.00', '-493.00', 190, 26, '2022-05-31 04:33:06', '2022-05-31 04:33:06'),
(872, 196, 'PS003 - TICK OUT 100ml', 'PS003', '350.00', '1.000', '0.000', '0.00', '350.00', '-423.00', 15, 26, '2022-05-31 04:33:06', '2022-05-31 04:33:06'),
(873, 199, 'PS006 - TICK & FREE 200ml', 'PS006', '600.00', '1.000', '0.000', '0.00', '600.00', '-173.00', 18, 26, '2022-05-31 04:33:06', '2022-05-31 04:33:06'),
(874, 115, 'EP008 - TIXFREE 20-40', 'EP008', '700.00', '1.000', '0.000', '0.00', '700.00', '-73.00', 106, 26, '2022-05-31 04:33:06', '2022-05-31 04:33:06'),
(875, 197, 'PS004 - SEBO RID 100ml', 'PS004', '350.00', '1.000', '0.000', '0.00', '350.00', '-423.00', 16, 26, '2022-05-31 04:33:06', '2022-05-31 04:33:06'),
(876, 80, 'WS012 - GREEN X 100ml', 'WS012', '340.00', '1.000', '0.000', '0.00', '340.00', '-433.00', 90, 26, '2022-05-31 04:33:06', '2022-05-31 04:33:06'),
(877, 231, 'PA021 - COLLAR HIMA M', 'PA021', '340.00', '1.000', '0.000', '0.00', '340.00', '-433.00', 162, 26, '2022-05-31 04:33:06', '2022-05-31 04:33:06'),
(878, 87, 'PV006 - ORCALMIN 200ml', 'PV006', '440.00', '1.000', '0.000', '0.00', '440.00', '-333.00', 96, 26, '2022-05-31 04:33:06', '2022-05-31 04:33:06'),
(879, 182, 'CT001 - C TETRA 100g', 'CT001', '420.00', '4.000', '0.000', '0.00', '1680.00', '-1412.00', 127, 26, '2022-05-31 04:33:06', '2022-05-31 04:33:06'),
(880, 100, 'PV029 - NUTRICOAT 200ml', 'PV029', '1450.00', '1.000', '0.000', '0.00', '1450.00', '677.00', 36, 26, '2022-05-31 04:33:06', '2022-05-31 04:33:06'),
(881, 91, 'PV011 - VEROL 200ml', 'PV011', '1300.00', '1.000', '0.000', '0.00', '1300.00', '527.00', 98, 26, '2022-05-31 04:33:06', '2022-05-31 04:33:06'),
(882, 113, 'EP006 - TIXFREE 2-10', 'EP006', '500.00', '1.000', '0.000', '0.00', '500.00', '-273.00', 104, 26, '2022-05-31 04:33:06', '2022-05-31 04:33:06'),
(883, 23, 'MV002 - CHICK TONIC 1L', 'MV002', '2050.00', '1.000', '0.000', '0.00', '2050.00', '1277.00', 58, 26, '2022-05-31 04:33:06', '2022-05-31 04:33:06'),
(884, 4, 'CM004 - AMINOL 1Kg', 'CM004', '340.00', '1.000', '0.000', '0.00', '340.00', '-433.00', 6, 26, '2022-05-31 04:33:06', '2022-05-31 04:33:06'),
(885, 65, 'LS007 - HELMOSOL 10g', 'LS007', '60.00', '1.000', '0.000', '0.00', '60.00', '-713.00', 81, 26, '2022-05-31 04:33:06', '2022-05-31 04:33:06'),
(886, 100, 'PV029 - NUTRICOAT 200ml', 'PV029', '1450.00', '1.000', '0.000', '0.00', '1450.00', '677.00', 36, 26, '2022-05-31 04:33:06', '2022-05-31 04:33:06'),
(887, 87, 'PV006 - ORCALMIN 200ml', 'PV006', '440.00', '1.000', '0.000', '0.00', '440.00', '-333.00', 96, 26, '2022-05-31 04:33:06', '2022-05-31 04:33:06'),
(888, 301, 'PF021 - PEDIGREE ADULT 400G', 'PF021', '375.00', '2.000', '0.000', '0.00', '750.00', '-796.00', 221, 26, '2022-05-31 04:33:06', '2022-05-31 04:33:06'),
(889, 112, 'EP003 - TICKAMIT 10ml', 'EP003', '470.00', '1.000', '0.000', '0.00', '470.00', '-303.00', 42, 26, '2022-05-31 04:33:06', '2022-05-31 04:33:06'),
(890, 79, 'WS007 - REMADIUM 100ml', 'WS007', '340.00', '1.000', '0.000', '0.00', '340.00', '-433.00', 89, 26, '2022-05-31 04:33:06', '2022-05-31 04:33:06'),
(891, 82, 'PF004 - CLASSIC PET  ADULT 500g', 'PF004', '395.00', '1.000', '0.000', '0.00', '395.00', '-378.00', 226, 26, '2022-05-31 04:33:06', '2022-05-31 04:33:06'),
(892, 301, 'PF021 - PEDIGREE ADULT 400G', 'PF021', '375.00', '1.000', '0.000', '0.00', '375.00', '-398.00', 221, 26, '2022-05-31 04:33:06', '2022-05-31 04:33:06'),
(893, 232, 'PA022 - COLLAR HIMA L', 'PA022', '380.00', '1.000', '0.000', '0.00', '380.00', '-393.00', 163, 26, '2022-05-31 04:33:06', '2022-05-31 04:33:06'),
(894, 115, 'EP008 - TIXFREE 20-40', 'EP008', '700.00', '1.000', '0.000', '0.00', '700.00', '-73.00', 106, 26, '2022-05-31 04:33:06', '2022-05-31 04:33:06'),
(895, 112, 'EP003 - TICKAMIT 10ml', 'EP003', '470.00', '1.000', '0.000', '0.00', '470.00', '-303.00', 42, 26, '2022-05-31 04:33:06', '2022-05-31 04:33:06'),
(896, 118, 'EP016 - DELZ 10ml', 'EP016', '350.00', '1.000', '0.000', '0.00', '350.00', '-423.00', 110, 26, '2022-05-31 04:33:06', '2022-05-31 04:33:06'),
(897, 198, 'PS005 - TICK OUT', 'PS005', '280.00', '1.000', '0.000', '0.00', '280.00', '-493.00', 17, 26, '2022-05-31 04:33:06', '2022-05-31 04:33:06'),
(898, 197, 'PS004 - SEBO RID 100ml', 'PS004', '350.00', '1.000', '0.000', '10.00', '340.00', '-423.00', 16, 26, '2022-05-31 04:33:06', '2022-05-31 04:33:06'),
(899, 67, 'PD003 - NICLOLIVA 2TAB', 'PD003', '90.00', '1.000', '0.000', '0.00', '90.00', '-683.00', 83, 26, '2022-05-31 04:33:06', '2022-05-31 04:33:06'),
(900, 93, 'PV018 - CANNY BOOST', 'PV018', '830.00', '1.000', '0.000', '0.00', '830.00', '57.00', 53, 26, '2022-05-31 04:33:06', '2022-05-31 04:33:06'),
(901, 103, 'PV033 - NUTRI-COAT AD 200g', 'PV033', '1900.00', '1.000', '0.000', '0.00', '1900.00', '1127.00', 34, 26, '2022-05-31 04:33:06', '2022-05-31 04:33:06'),
(902, 69, 'PD009 - UNIVERM TOTAL 1TAB', 'PD009', '110.00', '3.000', '0.000', '0.00', '330.00', '-1989.00', 84, 26, '2022-05-31 04:33:06', '2022-05-31 04:33:06'),
(903, 72, 'WH004 - NEGASANT 40g', 'WH004', '410.00', '1.000', '0.000', '0.00', '410.00', '-363.00', 40, 26, '2022-05-31 04:33:06', '2022-05-31 04:33:06'),
(904, 284, 'PF018 - MAXI PUPPY 4KG', 'PF018', '7600.00', '1.000', '0.000', '0.00', '7600.00', '6827.00', 210, 26, '2022-05-31 04:33:06', '2022-05-31 04:33:06'),
(905, 4, 'CM004 - AMINOL 1Kg', 'CM004', '340.00', '1.000', '0.000', '0.00', '340.00', '-433.00', 6, 27, '2022-05-31 04:33:06', '2022-05-31 04:33:06'),
(906, 311, 'PP003 - TALFO LAVENDER 90G', 'PP003', '360.00', '1.000', '0.000', '0.00', '360.00', '-413.00', 218, 27, '2022-05-31 04:33:06', '2022-05-31 04:33:06'),
(907, 80, 'WS012 - GREEN X 100ml', 'WS012', '340.00', '1.000', '0.000', '0.00', '340.00', '-433.00', 90, 27, '2022-05-31 04:33:06', '2022-05-31 04:33:06'),
(908, 118, 'EP016 - DELZ 10ml', 'EP016', '350.00', '4.000', '0.000', '0.00', '1400.00', '-1692.00', 110, 27, '2022-05-31 04:33:06', '2022-05-31 04:33:06'),
(909, 302, 'PF022 - PEDIGREE PUPPY 1.2 KG', 'PF022', '1110.00', '1.000', '0.000', '10.00', '1100.00', '337.00', 222, 27, '2022-05-31 04:33:06', '2022-05-31 04:33:06'),
(910, 69, 'PD009 - UNIVERM TOTAL 1TAB', 'PD009', '110.00', '2.000', '0.000', '0.00', '220.00', '-1326.00', 84, 27, '2022-05-31 04:33:06', '2022-05-31 04:33:06'),
(911, 232, 'PA022 - COLLAR HIMA L', 'PA022', '380.00', '1.000', '0.000', '0.00', '380.00', '-393.00', 163, 27, '2022-05-31 04:33:06', '2022-05-31 04:33:06'),
(912, 124, 'EP038 - NILMANGE LO 30g', 'EP038', '230.00', '1.000', '0.000', '0.00', '230.00', '-543.00', 115, 27, '2022-05-31 04:33:06', '2022-05-31 04:33:06'),
(913, 67, 'PD003 - NICLOLIVA 2TAB', 'PD003', '90.00', '1.000', '0.000', '0.00', '90.00', '-683.00', 83, 27, '2022-05-31 04:33:06', '2022-05-31 04:33:06'),
(914, 71, 'PD011 - DRONTAL PLUS 2TAB', 'PD011', '320.00', '1.000', '0.000', '0.00', '320.00', '-453.00', 39, 27, '2022-05-31 04:33:06', '2022-05-31 04:33:06'),
(915, 121, 'EP020 - NEXTGUARD 10-25', 'EP020', '2150.00', '1.000', '0.000', '0.00', '2150.00', '1377.00', 113, 27, '2022-05-31 04:33:06', '2022-05-31 04:33:06'),
(916, 255, 'PA086 - HEAVY HARNESS LEAD', 'PA086', '1300.00', '1.000', '0.000', '0.00', '1300.00', '527.00', 183, 27, '2022-05-31 04:33:06', '2022-05-31 04:33:06'),
(917, 69, 'PD009 - UNIVERM TOTAL 1TAB', 'PD009', '110.00', '5.000', '0.000', '0.00', '550.00', '-3315.00', 84, 27, '2022-05-31 04:33:06', '2022-05-31 04:33:06'),
(918, 99, 'PV028 - CANNY B&E 90S', 'PV028', '860.00', '1.000', '0.000', '0.00', '860.00', '87.00', 51, 27, '2022-05-31 04:33:06', '2022-05-31 04:33:06'),
(919, 4, 'CM004 - AMINOL 1Kg', 'CM004', '340.00', '1.000', '0.000', '0.00', '340.00', '-433.00', 6, 27, '2022-05-31 04:33:06', '2022-05-31 04:33:06'),
(920, 2, 'AM002 - AMINOL 10Kg(BUCKET)', 'AM002', '3450.00', '1.000', '0.000', '0.00', '3450.00', '2677.00', 4, 27, '2022-05-31 04:33:06', '2022-05-31 04:33:06'),
(921, 221, 'PA002 - CHEW BONE M', 'PA002', '400.00', '1.000', '0.000', '0.00', '400.00', '-373.00', 152, 27, '2022-05-31 04:33:06', '2022-05-31 04:33:06'),
(922, 82, 'PF004 - CLASSIC PET  ADULT 500g', 'PF004', '395.00', '2.000', '0.000', '0.00', '790.00', '-756.00', 226, 27, '2022-05-31 04:33:06', '2022-05-31 04:33:06'),
(923, 70, 'PD012 - NOWORM 1TAB', 'PD012', '90.00', '4.000', '0.000', '0.00', '360.00', '-2732.00', 85, 27, '2022-05-31 04:33:06', '2022-05-31 04:33:06'),
(924, 123, 'EP023 - NEXTGUARD 25-50', 'EP023', '2650.00', '1.000', '0.000', '0.00', '2650.00', '1877.00', 114, 27, '2022-05-31 04:33:06', '2022-05-31 04:33:06'),
(925, 73, 'WH006 - REGEN 40g', 'WH006', '250.00', '1.000', '0.000', '0.00', '250.00', '-523.00', 49, 27, '2022-05-31 04:33:06', '2022-05-31 04:33:06'),
(926, 23, 'MV002 - CHICK TONIC 1L', 'MV002', '2050.00', '2.000', '0.000', '0.00', '4100.00', '2554.00', 58, 27, '2022-05-31 04:33:06', '2022-05-31 04:33:06'),
(927, 64, 'LS006 - HELMASOL 100g', 'LS006', '390.00', '3.000', '0.000', '0.00', '1170.00', '-1149.00', 80, 27, '2022-05-31 04:33:06', '2022-05-31 04:33:06'),
(928, 158, 'LD016 - ANALAGON 150mg', 'LD016', '145.00', '3.000', '0.000', '0.00', '435.00', '-1884.00', 46, 27, '2022-05-31 04:33:06', '2022-05-31 04:33:06'),
(929, 71, 'PD011 - DRONTAL PLUS 2TAB', 'PD011', '320.00', '1.000', '0.000', '0.00', '320.00', '-453.00', 39, 27, '2022-05-31 04:33:06', '2022-05-31 04:33:06'),
(930, 93, 'PV018 - CANNY BOOST', 'PV018', '830.00', '1.000', '0.000', '0.00', '830.00', '57.00', 53, 27, '2022-05-31 04:33:06', '2022-05-31 04:33:06'),
(931, 229, 'PA017 - PET NAIL CLIPPER', 'PA017', '1000.00', '1.000', '0.000', '0.00', '1000.00', '227.00', 160, 27, '2022-05-31 04:33:06', '2022-05-31 04:33:06'),
(932, 93, 'PV018 - CANNY BOOST', 'PV018', '830.00', '1.000', '0.000', '30.00', '800.00', '57.00', 53, 27, '2022-05-31 04:33:06', '2022-05-31 04:33:06'),
(933, 71, 'PD011 - DRONTAL PLUS 2TAB', 'PD011', '320.00', '1.000', '0.000', '0.00', '320.00', '-453.00', 39, 27, '2022-05-31 04:33:06', '2022-05-31 04:33:06'),
(934, 194, 'EF019 - AVIGANADEXIL 10ml', 'EF019', '130.00', '1.000', '0.000', '0.00', '130.00', '-643.00', 133, 27, '2022-05-31 04:33:06', '2022-05-31 04:33:06'),
(935, 65, 'LS007 - HELMOSOL 10g', 'LS007', '60.00', '1.000', '0.000', '0.00', '60.00', '-713.00', 81, 27, '2022-05-31 04:33:06', '2022-05-31 04:33:06'),
(936, 261, 'PA092 - PET COLLAR WITH BELL', 'PA092', '280.00', '1.000', '0.000', '0.00', '280.00', '-493.00', 190, 27, '2022-05-31 04:33:06', '2022-05-31 04:33:06'),
(937, 196, 'PS003 - TICK OUT 100ml', 'PS003', '350.00', '1.000', '0.000', '0.00', '350.00', '-423.00', 15, 27, '2022-05-31 04:33:06', '2022-05-31 04:33:06'),
(938, 199, 'PS006 - TICK & FREE 200ml', 'PS006', '600.00', '1.000', '0.000', '0.00', '600.00', '-173.00', 18, 27, '2022-05-31 04:33:06', '2022-05-31 04:33:06'),
(939, 115, 'EP008 - TIXFREE 20-40', 'EP008', '700.00', '1.000', '0.000', '0.00', '700.00', '-73.00', 106, 27, '2022-05-31 04:33:06', '2022-05-31 04:33:06'),
(940, 197, 'PS004 - SEBO RID 100ml', 'PS004', '350.00', '1.000', '0.000', '0.00', '350.00', '-423.00', 16, 27, '2022-05-31 04:33:06', '2022-05-31 04:33:06'),
(941, 80, 'WS012 - GREEN X 100ml', 'WS012', '340.00', '1.000', '0.000', '0.00', '340.00', '-433.00', 90, 27, '2022-05-31 04:33:06', '2022-05-31 04:33:06'),
(942, 231, 'PA021 - COLLAR HIMA M', 'PA021', '340.00', '1.000', '0.000', '0.00', '340.00', '-433.00', 162, 27, '2022-05-31 04:33:06', '2022-05-31 04:33:06'),
(943, 87, 'PV006 - ORCALMIN 200ml', 'PV006', '440.00', '1.000', '0.000', '0.00', '440.00', '-333.00', 96, 27, '2022-05-31 04:33:06', '2022-05-31 04:33:06'),
(944, 182, 'CT001 - C TETRA 100g', 'CT001', '420.00', '4.000', '0.000', '0.00', '1680.00', '-1412.00', 127, 27, '2022-05-31 04:33:06', '2022-05-31 04:33:06'),
(945, 100, 'PV029 - NUTRICOAT 200ml', 'PV029', '1450.00', '1.000', '0.000', '0.00', '1450.00', '677.00', 36, 27, '2022-05-31 04:33:06', '2022-05-31 04:33:06'),
(946, 91, 'PV011 - VEROL 200ml', 'PV011', '1300.00', '1.000', '0.000', '0.00', '1300.00', '527.00', 98, 27, '2022-05-31 04:33:06', '2022-05-31 04:33:06'),
(947, 113, 'EP006 - TIXFREE 2-10', 'EP006', '500.00', '1.000', '0.000', '0.00', '500.00', '-273.00', 104, 27, '2022-05-31 04:33:06', '2022-05-31 04:33:06'),
(948, 23, 'MV002 - CHICK TONIC 1L', 'MV002', '2050.00', '1.000', '0.000', '0.00', '2050.00', '1277.00', 58, 27, '2022-05-31 04:33:06', '2022-05-31 04:33:06'),
(949, 4, 'CM004 - AMINOL 1Kg', 'CM004', '340.00', '1.000', '0.000', '0.00', '340.00', '-433.00', 6, 27, '2022-05-31 04:33:06', '2022-05-31 04:33:06'),
(950, 65, 'LS007 - HELMOSOL 10g', 'LS007', '60.00', '1.000', '0.000', '0.00', '60.00', '-713.00', 81, 27, '2022-05-31 04:33:06', '2022-05-31 04:33:06'),
(951, 100, 'PV029 - NUTRICOAT 200ml', 'PV029', '1450.00', '1.000', '0.000', '0.00', '1450.00', '677.00', 36, 27, '2022-05-31 04:33:06', '2022-05-31 04:33:06'),
(952, 87, 'PV006 - ORCALMIN 200ml', 'PV006', '440.00', '1.000', '0.000', '0.00', '440.00', '-333.00', 96, 27, '2022-05-31 04:33:06', '2022-05-31 04:33:06'),
(953, 301, 'PF021 - PEDIGREE ADULT 400G', 'PF021', '375.00', '2.000', '0.000', '0.00', '750.00', '-796.00', 221, 27, '2022-05-31 04:33:06', '2022-05-31 04:33:06'),
(954, 112, 'EP003 - TICKAMIT 10ml', 'EP003', '470.00', '1.000', '0.000', '0.00', '470.00', '-303.00', 42, 27, '2022-05-31 04:33:06', '2022-05-31 04:33:06'),
(955, 79, 'WS007 - REMADIUM 100ml', 'WS007', '340.00', '1.000', '0.000', '0.00', '340.00', '-433.00', 89, 27, '2022-05-31 04:33:06', '2022-05-31 04:33:06');
INSERT INTO `invoice_items` (`id`, `product_id`, `name`, `code`, `price`, `qty`, `rqty`, `discount`, `sale_price`, `profit`, `lot_info_id`, `invoice_id`, `created_at`, `updated_at`) VALUES
(956, 82, 'PF004 - CLASSIC PET  ADULT 500g', 'PF004', '395.00', '1.000', '0.000', '0.00', '395.00', '-378.00', 226, 27, '2022-05-31 04:33:06', '2022-05-31 04:33:06'),
(957, 301, 'PF021 - PEDIGREE ADULT 400G', 'PF021', '375.00', '1.000', '0.000', '0.00', '375.00', '-398.00', 221, 27, '2022-05-31 04:33:06', '2022-05-31 04:33:06'),
(958, 232, 'PA022 - COLLAR HIMA L', 'PA022', '380.00', '1.000', '0.000', '0.00', '380.00', '-393.00', 163, 27, '2022-05-31 04:33:06', '2022-05-31 04:33:06'),
(959, 115, 'EP008 - TIXFREE 20-40', 'EP008', '700.00', '1.000', '0.000', '0.00', '700.00', '-73.00', 106, 27, '2022-05-31 04:33:06', '2022-05-31 04:33:06'),
(960, 112, 'EP003 - TICKAMIT 10ml', 'EP003', '470.00', '1.000', '0.000', '0.00', '470.00', '-303.00', 42, 27, '2022-05-31 04:33:06', '2022-05-31 04:33:06'),
(961, 118, 'EP016 - DELZ 10ml', 'EP016', '350.00', '1.000', '0.000', '0.00', '350.00', '-423.00', 110, 27, '2022-05-31 04:33:06', '2022-05-31 04:33:06'),
(962, 198, 'PS005 - TICK OUT', 'PS005', '280.00', '1.000', '0.000', '0.00', '280.00', '-493.00', 17, 27, '2022-05-31 04:33:06', '2022-05-31 04:33:06'),
(963, 197, 'PS004 - SEBO RID 100ml', 'PS004', '350.00', '1.000', '0.000', '10.00', '340.00', '-423.00', 16, 27, '2022-05-31 04:33:06', '2022-05-31 04:33:06'),
(964, 67, 'PD003 - NICLOLIVA 2TAB', 'PD003', '90.00', '1.000', '0.000', '0.00', '90.00', '-683.00', 83, 27, '2022-05-31 04:33:06', '2022-05-31 04:33:06'),
(965, 93, 'PV018 - CANNY BOOST', 'PV018', '830.00', '1.000', '0.000', '0.00', '830.00', '57.00', 53, 27, '2022-05-31 04:33:06', '2022-05-31 04:33:06'),
(966, 103, 'PV033 - NUTRI-COAT AD 200g', 'PV033', '1900.00', '1.000', '0.000', '0.00', '1900.00', '1127.00', 34, 27, '2022-05-31 04:33:06', '2022-05-31 04:33:06'),
(967, 69, 'PD009 - UNIVERM TOTAL 1TAB', 'PD009', '110.00', '3.000', '0.000', '0.00', '330.00', '-1989.00', 84, 27, '2022-05-31 04:33:06', '2022-05-31 04:33:06'),
(968, 72, 'WH004 - NEGASANT 40g', 'WH004', '410.00', '1.000', '0.000', '0.00', '410.00', '-363.00', 40, 27, '2022-05-31 04:33:06', '2022-05-31 04:33:06'),
(969, 284, 'PF018 - MAXI PUPPY 4KG', 'PF018', '7600.00', '1.000', '0.000', '0.00', '7600.00', '6827.00', 210, 27, '2022-05-31 04:33:06', '2022-05-31 04:33:06'),
(970, 4, 'CM004 - AMINOL 1Kg', 'CM004', '340.00', '1.000', '0.000', '0.00', '340.00', '-433.00', 6, 28, '2022-05-31 04:39:37', '2022-05-31 04:39:37'),
(971, 311, 'PP003 - TALFO LAVENDER 90G', 'PP003', '360.00', '1.000', '0.000', '0.00', '360.00', '-413.00', 218, 28, '2022-05-31 04:39:37', '2022-05-31 04:39:37'),
(972, 80, 'WS012 - GREEN X 100ml', 'WS012', '340.00', '1.000', '0.000', '0.00', '340.00', '-433.00', 90, 28, '2022-05-31 04:39:37', '2022-05-31 04:39:37'),
(973, 118, 'EP016 - DELZ 10ml', 'EP016', '350.00', '4.000', '0.000', '0.00', '1400.00', '-1692.00', 110, 28, '2022-05-31 04:39:37', '2022-05-31 04:39:37'),
(974, 302, 'PF022 - PEDIGREE PUPPY 1.2 KG', 'PF022', '1110.00', '1.000', '0.000', '10.00', '1100.00', '337.00', 222, 28, '2022-05-31 04:39:37', '2022-05-31 04:39:37'),
(975, 69, 'PD009 - UNIVERM TOTAL 1TAB', 'PD009', '110.00', '2.000', '0.000', '0.00', '220.00', '-1326.00', 84, 28, '2022-05-31 04:39:37', '2022-05-31 04:39:37'),
(976, 232, 'PA022 - COLLAR HIMA L', 'PA022', '380.00', '1.000', '0.000', '0.00', '380.00', '-393.00', 163, 28, '2022-05-31 04:39:37', '2022-05-31 04:39:37'),
(977, 124, 'EP038 - NILMANGE LO 30g', 'EP038', '230.00', '1.000', '0.000', '0.00', '230.00', '-543.00', 115, 28, '2022-05-31 04:39:37', '2022-05-31 04:39:37'),
(978, 67, 'PD003 - NICLOLIVA 2TAB', 'PD003', '90.00', '1.000', '0.000', '0.00', '90.00', '-683.00', 83, 28, '2022-05-31 04:39:37', '2022-05-31 04:39:37'),
(979, 71, 'PD011 - DRONTAL PLUS 2TAB', 'PD011', '320.00', '1.000', '0.000', '0.00', '320.00', '-453.00', 39, 28, '2022-05-31 04:39:37', '2022-05-31 04:39:37'),
(980, 121, 'EP020 - NEXTGUARD 10-25', 'EP020', '2150.00', '1.000', '0.000', '0.00', '2150.00', '1377.00', 113, 28, '2022-05-31 04:39:37', '2022-05-31 04:39:37'),
(981, 255, 'PA086 - HEAVY HARNESS LEAD', 'PA086', '1300.00', '1.000', '0.000', '0.00', '1300.00', '527.00', 183, 28, '2022-05-31 04:39:37', '2022-05-31 04:39:37'),
(982, 69, 'PD009 - UNIVERM TOTAL 1TAB', 'PD009', '110.00', '5.000', '0.000', '0.00', '550.00', '-3315.00', 84, 28, '2022-05-31 04:39:37', '2022-05-31 04:39:37'),
(983, 99, 'PV028 - CANNY B&E 90S', 'PV028', '860.00', '1.000', '0.000', '0.00', '860.00', '87.00', 51, 28, '2022-05-31 04:39:37', '2022-05-31 04:39:37'),
(984, 4, 'CM004 - AMINOL 1Kg', 'CM004', '340.00', '1.000', '0.000', '0.00', '340.00', '-433.00', 6, 28, '2022-05-31 04:39:37', '2022-05-31 04:39:37'),
(985, 2, 'AM002 - AMINOL 10Kg(BUCKET)', 'AM002', '3450.00', '1.000', '0.000', '0.00', '3450.00', '2677.00', 4, 28, '2022-05-31 04:39:37', '2022-05-31 04:39:37'),
(986, 221, 'PA002 - CHEW BONE M', 'PA002', '400.00', '1.000', '0.000', '0.00', '400.00', '-373.00', 152, 28, '2022-05-31 04:39:37', '2022-05-31 04:39:37'),
(987, 82, 'PF004 - CLASSIC PET  ADULT 500g', 'PF004', '395.00', '2.000', '0.000', '0.00', '790.00', '-756.00', 226, 28, '2022-05-31 04:39:37', '2022-05-31 04:39:37'),
(988, 70, 'PD012 - NOWORM 1TAB', 'PD012', '90.00', '4.000', '0.000', '0.00', '360.00', '-2732.00', 85, 28, '2022-05-31 04:39:37', '2022-05-31 04:39:37'),
(989, 123, 'EP023 - NEXTGUARD 25-50', 'EP023', '2650.00', '1.000', '0.000', '0.00', '2650.00', '1877.00', 114, 28, '2022-05-31 04:39:37', '2022-05-31 04:39:37'),
(990, 73, 'WH006 - REGEN 40g', 'WH006', '250.00', '1.000', '0.000', '0.00', '250.00', '-523.00', 49, 28, '2022-05-31 04:39:37', '2022-05-31 04:39:37'),
(991, 23, 'MV002 - CHICK TONIC 1L', 'MV002', '2050.00', '2.000', '0.000', '0.00', '4100.00', '2554.00', 58, 28, '2022-05-31 04:39:37', '2022-05-31 04:39:37'),
(992, 64, 'LS006 - HELMASOL 100g', 'LS006', '390.00', '3.000', '0.000', '0.00', '1170.00', '-1149.00', 80, 28, '2022-05-31 04:39:37', '2022-05-31 04:39:37'),
(993, 158, 'LD016 - ANALAGON 150mg', 'LD016', '145.00', '3.000', '0.000', '0.00', '435.00', '-1884.00', 46, 28, '2022-05-31 04:39:37', '2022-05-31 04:39:37'),
(994, 71, 'PD011 - DRONTAL PLUS 2TAB', 'PD011', '320.00', '1.000', '0.000', '0.00', '320.00', '-453.00', 39, 28, '2022-05-31 04:39:37', '2022-05-31 04:39:37'),
(995, 93, 'PV018 - CANNY BOOST', 'PV018', '830.00', '1.000', '0.000', '0.00', '830.00', '57.00', 53, 28, '2022-05-31 04:39:37', '2022-05-31 04:39:37'),
(996, 229, 'PA017 - PET NAIL CLIPPER', 'PA017', '1000.00', '1.000', '0.000', '0.00', '1000.00', '227.00', 160, 28, '2022-05-31 04:39:37', '2022-05-31 04:39:37'),
(997, 93, 'PV018 - CANNY BOOST', 'PV018', '830.00', '1.000', '0.000', '30.00', '800.00', '57.00', 53, 28, '2022-05-31 04:39:37', '2022-05-31 04:39:37'),
(998, 71, 'PD011 - DRONTAL PLUS 2TAB', 'PD011', '320.00', '1.000', '0.000', '0.00', '320.00', '-453.00', 39, 28, '2022-05-31 04:39:37', '2022-05-31 04:39:37'),
(999, 194, 'EF019 - AVIGANADEXIL 10ml', 'EF019', '130.00', '1.000', '0.000', '0.00', '130.00', '-643.00', 133, 28, '2022-05-31 04:39:37', '2022-05-31 04:39:37'),
(1000, 65, 'LS007 - HELMOSOL 10g', 'LS007', '60.00', '1.000', '0.000', '0.00', '60.00', '-713.00', 81, 28, '2022-05-31 04:39:37', '2022-05-31 04:39:37'),
(1001, 261, 'PA092 - PET COLLAR WITH BELL', 'PA092', '280.00', '1.000', '0.000', '0.00', '280.00', '-493.00', 190, 28, '2022-05-31 04:39:37', '2022-05-31 04:39:37'),
(1002, 196, 'PS003 - TICK OUT 100ml', 'PS003', '350.00', '1.000', '0.000', '0.00', '350.00', '-423.00', 15, 28, '2022-05-31 04:39:37', '2022-05-31 04:39:37'),
(1003, 199, 'PS006 - TICK & FREE 200ml', 'PS006', '600.00', '1.000', '0.000', '0.00', '600.00', '-173.00', 18, 28, '2022-05-31 04:39:37', '2022-05-31 04:39:37'),
(1004, 115, 'EP008 - TIXFREE 20-40', 'EP008', '700.00', '1.000', '0.000', '0.00', '700.00', '-73.00', 106, 28, '2022-05-31 04:39:37', '2022-05-31 04:39:37'),
(1005, 197, 'PS004 - SEBO RID 100ml', 'PS004', '350.00', '1.000', '0.000', '0.00', '350.00', '-423.00', 16, 28, '2022-05-31 04:39:37', '2022-05-31 04:39:37'),
(1006, 80, 'WS012 - GREEN X 100ml', 'WS012', '340.00', '1.000', '0.000', '0.00', '340.00', '-433.00', 90, 28, '2022-05-31 04:39:37', '2022-05-31 04:39:37'),
(1007, 231, 'PA021 - COLLAR HIMA M', 'PA021', '340.00', '1.000', '0.000', '0.00', '340.00', '-433.00', 162, 28, '2022-05-31 04:39:37', '2022-05-31 04:39:37'),
(1008, 87, 'PV006 - ORCALMIN 200ml', 'PV006', '440.00', '1.000', '0.000', '0.00', '440.00', '-333.00', 96, 28, '2022-05-31 04:39:37', '2022-05-31 04:39:37'),
(1009, 182, 'CT001 - C TETRA 100g', 'CT001', '420.00', '4.000', '0.000', '0.00', '1680.00', '-1412.00', 127, 28, '2022-05-31 04:39:37', '2022-05-31 04:39:37'),
(1010, 100, 'PV029 - NUTRICOAT 200ml', 'PV029', '1450.00', '1.000', '0.000', '0.00', '1450.00', '677.00', 36, 28, '2022-05-31 04:39:37', '2022-05-31 04:39:37'),
(1011, 91, 'PV011 - VEROL 200ml', 'PV011', '1300.00', '1.000', '0.000', '0.00', '1300.00', '527.00', 98, 28, '2022-05-31 04:39:37', '2022-05-31 04:39:37'),
(1012, 113, 'EP006 - TIXFREE 2-10', 'EP006', '500.00', '1.000', '0.000', '0.00', '500.00', '-273.00', 104, 28, '2022-05-31 04:39:37', '2022-05-31 04:39:37'),
(1013, 23, 'MV002 - CHICK TONIC 1L', 'MV002', '2050.00', '1.000', '0.000', '0.00', '2050.00', '1277.00', 58, 28, '2022-05-31 04:39:37', '2022-05-31 04:39:37'),
(1014, 4, 'CM004 - AMINOL 1Kg', 'CM004', '340.00', '1.000', '0.000', '0.00', '340.00', '-433.00', 6, 28, '2022-05-31 04:39:37', '2022-05-31 04:39:37'),
(1015, 65, 'LS007 - HELMOSOL 10g', 'LS007', '60.00', '1.000', '0.000', '0.00', '60.00', '-713.00', 81, 28, '2022-05-31 04:39:37', '2022-05-31 04:39:37'),
(1016, 100, 'PV029 - NUTRICOAT 200ml', 'PV029', '1450.00', '1.000', '0.000', '0.00', '1450.00', '677.00', 36, 28, '2022-05-31 04:39:37', '2022-05-31 04:39:37'),
(1017, 87, 'PV006 - ORCALMIN 200ml', 'PV006', '440.00', '1.000', '0.000', '0.00', '440.00', '-333.00', 96, 28, '2022-05-31 04:39:37', '2022-05-31 04:39:37'),
(1018, 301, 'PF021 - PEDIGREE ADULT 400G', 'PF021', '375.00', '2.000', '0.000', '0.00', '750.00', '-796.00', 221, 28, '2022-05-31 04:39:37', '2022-05-31 04:39:37'),
(1019, 112, 'EP003 - TICKAMIT 10ml', 'EP003', '470.00', '1.000', '0.000', '0.00', '470.00', '-303.00', 42, 28, '2022-05-31 04:39:37', '2022-05-31 04:39:37'),
(1020, 79, 'WS007 - REMADIUM 100ml', 'WS007', '340.00', '1.000', '0.000', '0.00', '340.00', '-433.00', 89, 28, '2022-05-31 04:39:37', '2022-05-31 04:39:37'),
(1021, 82, 'PF004 - CLASSIC PET  ADULT 500g', 'PF004', '395.00', '1.000', '0.000', '0.00', '395.00', '-378.00', 226, 28, '2022-05-31 04:39:37', '2022-05-31 04:39:37'),
(1022, 301, 'PF021 - PEDIGREE ADULT 400G', 'PF021', '375.00', '1.000', '0.000', '0.00', '375.00', '-398.00', 221, 28, '2022-05-31 04:39:37', '2022-05-31 04:39:37'),
(1023, 232, 'PA022 - COLLAR HIMA L', 'PA022', '380.00', '1.000', '0.000', '0.00', '380.00', '-393.00', 163, 28, '2022-05-31 04:39:37', '2022-05-31 04:39:37'),
(1024, 115, 'EP008 - TIXFREE 20-40', 'EP008', '700.00', '1.000', '0.000', '0.00', '700.00', '-73.00', 106, 28, '2022-05-31 04:39:37', '2022-05-31 04:39:37'),
(1025, 112, 'EP003 - TICKAMIT 10ml', 'EP003', '470.00', '1.000', '0.000', '0.00', '470.00', '-303.00', 42, 28, '2022-05-31 04:39:37', '2022-05-31 04:39:37'),
(1026, 118, 'EP016 - DELZ 10ml', 'EP016', '350.00', '1.000', '0.000', '0.00', '350.00', '-423.00', 110, 28, '2022-05-31 04:39:37', '2022-05-31 04:39:37'),
(1027, 198, 'PS005 - TICK OUT', 'PS005', '280.00', '1.000', '0.000', '0.00', '280.00', '-493.00', 17, 28, '2022-05-31 04:39:37', '2022-05-31 04:39:37'),
(1028, 197, 'PS004 - SEBO RID 100ml', 'PS004', '350.00', '1.000', '0.000', '10.00', '340.00', '-423.00', 16, 28, '2022-05-31 04:39:37', '2022-05-31 04:39:37'),
(1029, 67, 'PD003 - NICLOLIVA 2TAB', 'PD003', '90.00', '1.000', '0.000', '0.00', '90.00', '-683.00', 83, 28, '2022-05-31 04:39:37', '2022-05-31 04:39:37'),
(1030, 93, 'PV018 - CANNY BOOST', 'PV018', '830.00', '1.000', '0.000', '0.00', '830.00', '57.00', 53, 28, '2022-05-31 04:39:37', '2022-05-31 04:39:37'),
(1031, 103, 'PV033 - NUTRI-COAT AD 200g', 'PV033', '1900.00', '1.000', '0.000', '0.00', '1900.00', '1127.00', 34, 28, '2022-05-31 04:39:37', '2022-05-31 04:39:37'),
(1032, 69, 'PD009 - UNIVERM TOTAL 1TAB', 'PD009', '110.00', '3.000', '0.000', '0.00', '330.00', '-1989.00', 84, 28, '2022-05-31 04:39:37', '2022-05-31 04:39:37'),
(1033, 72, 'WH004 - NEGASANT 40g', 'WH004', '410.00', '1.000', '0.000', '0.00', '410.00', '-363.00', 40, 28, '2022-05-31 04:39:37', '2022-05-31 04:39:37'),
(1034, 284, 'PF018 - MAXI PUPPY 4KG', 'PF018', '7600.00', '1.000', '0.000', '0.00', '7600.00', '6827.00', 210, 28, '2022-05-31 04:39:37', '2022-05-31 04:39:37'),
(1035, 42, 'MV047 - PIGEON PRO 50ml', 'MV047', '220.00', '1.000', '0.000', '0.00', '220.00', '-111.00', 38, 29, '2022-05-31 06:43:49', '2022-05-31 06:43:49'),
(1036, 302, 'PF022 - PEDIGREE PUPPY 1.2 KG', 'PF022', '1110.00', '1.000', '0.000', '10.00', '1100.00', '779.00', 222, 29, '2022-05-31 06:43:49', '2022-05-31 06:43:49'),
(1037, 119, 'EP017 - AWARD 10ml', 'EP017', '285.00', '1.000', '0.000', '5.00', '280.00', '-46.00', 111, 29, '2022-05-31 06:43:49', '2022-05-31 06:43:49'),
(1038, 62, 'AB011 - ALVERM 10g', 'AB011', '100.00', '2.000', '0.000', '0.00', '200.00', '-462.00', 78, 29, '2022-05-31 06:43:49', '2022-05-31 06:43:49'),
(1039, 93, 'PV018 - CANNY BOOST', 'PV018', '830.00', '1.000', '0.000', '30.00', '800.00', '499.00', 53, 29, '2022-05-31 06:43:49', '2022-05-31 06:43:49'),
(1040, 99, 'PV028 - CANNY B&E 90S', 'PV028', '860.00', '1.000', '0.000', '10.00', '850.00', '529.00', 51, 29, '2022-05-31 06:43:49', '2022-05-31 06:43:49'),
(1041, 262, 'PA093 - FEEDING BOWL -M', 'PA093', '1600.00', '1.000', '0.000', '0.00', '1600.00', '1269.00', 191, 29, '2022-05-31 06:43:49', '2022-05-31 06:43:49'),
(1042, 93, 'PV018 - CANNY BOOST', 'PV018', '830.00', '1.000', '0.000', '0.00', '830.00', '499.00', 53, 29, '2022-05-31 06:43:49', '2022-05-31 06:43:49'),
(1043, 82, 'PF004 - CLASSIC PET  ADULT 500g', 'PF004', '395.00', '1.000', '0.000', '0.00', '395.00', '64.00', 226, 29, '2022-05-31 06:43:49', '2022-05-31 06:43:49'),
(1044, 71, 'PD011 - DRONTAL PLUS 2TAB', 'PD011', '320.00', '2.000', '0.000', '0.00', '640.00', '-22.00', 39, 29, '2022-05-31 06:43:49', '2022-05-31 06:43:49'),
(1045, 72, 'WH004 - NEGASANT 40g', 'WH004', '410.00', '1.000', '0.000', '0.00', '410.00', '79.00', 40, 29, '2022-05-31 06:43:49', '2022-05-31 06:43:49'),
(1046, 86, 'PV004 - RED DOG 200ml', 'PV004', '950.00', '1.000', '0.000', '0.00', '950.00', '177.00', 95, 30, '2022-05-31 10:15:53', '2022-05-31 10:15:53'),
(1047, 178, 'DC004 - NEODOX 50g', 'DC004', '1120.00', '1.000', '0.000', '0.00', '1120.00', '347.00', 28, 30, '2022-05-31 10:15:53', '2022-05-31 10:15:53'),
(1048, 37, 'MV031 - UPLIVE FORTE 1L', 'MV031', '1450.00', '1.000', '0.000', '0.00', '1450.00', '677.00', 61, 30, '2022-05-31 10:15:53', '2022-05-31 10:15:53'),
(1049, 197, 'PS004 - SEBO RID 100ml', 'PS004', '350.00', '1.000', '0.000', '0.00', '350.00', '-423.00', 16, 30, '2022-05-31 10:15:53', '2022-05-31 10:15:53'),
(1050, 86, 'PV004 - RED DOG 200ml', 'PV004', '950.00', '1.000', '0.000', '0.00', '950.00', '177.00', 95, 30, '2022-05-31 10:15:53', '2022-05-31 10:15:53'),
(1051, 4, 'CM004 - AMINOL 1Kg', 'CM004', '-340.00', '13.000', '0.000', '0.00', '-4420.00', '-91156.00', 6, 31, '2022-05-31 11:33:20', '2022-05-31 11:33:20'),
(1052, 311, 'PP003 - TALFO LAVENDER 90G', 'PP003', '-360.00', '13.000', '0.000', '0.00', '-4680.00', '-91416.00', 218, 31, '2022-05-31 11:33:20', '2022-05-31 11:33:20'),
(1053, 80, 'WS012 - GREEN X 100ml', 'WS012', '-340.00', '13.000', '0.000', '0.00', '-4420.00', '-91156.00', 90, 31, '2022-05-31 11:33:20', '2022-05-31 11:33:20'),
(1054, 118, 'EP016 - DELZ 10ml', 'EP016', '-350.00', '52.000', '0.000', '0.00', '-18200.00', '-365144.00', 110, 31, '2022-05-31 11:33:20', '2022-05-31 11:33:20'),
(1055, 302, 'PF022 - PEDIGREE PUPPY 1.2 KG', 'PF022', '-1110.00', '13.000', '0.000', '0.00', '-14430.00', '-101166.00', 222, 31, '2022-05-31 11:33:20', '2022-05-31 11:33:20'),
(1056, 69, 'PD009 - UNIVERM TOTAL 1TAB', 'PD009', '-110.00', '26.000', '0.000', '0.00', '-2860.00', '-176332.00', 84, 31, '2022-05-31 11:33:20', '2022-05-31 11:33:20'),
(1057, 232, 'PA022 - COLLAR HIMA L', 'PA022', '-380.00', '13.000', '0.000', '0.00', '-4940.00', '-91676.00', 163, 31, '2022-05-31 11:33:20', '2022-05-31 11:33:20'),
(1058, 124, 'EP038 - NILMANGE LO 30g', 'EP038', '-230.00', '13.000', '0.000', '0.00', '-2990.00', '-89726.00', 115, 31, '2022-05-31 11:33:20', '2022-05-31 11:33:20'),
(1059, 67, 'PD003 - NICLOLIVA 2TAB', 'PD003', '-90.00', '13.000', '0.000', '0.00', '-1170.00', '-87906.00', 83, 31, '2022-05-31 11:33:20', '2022-05-31 11:33:20'),
(1060, 71, 'PD011 - DRONTAL PLUS 2TAB', 'PD011', '-320.00', '13.000', '0.000', '0.00', '-4160.00', '-90896.00', 39, 31, '2022-05-31 11:33:20', '2022-05-31 11:33:20'),
(1061, 121, 'EP020 - NEXTGUARD 10-25', 'EP020', '-2150.00', '13.000', '0.000', '0.00', '-27950.00', '-114686.00', 113, 31, '2022-05-31 11:33:20', '2022-05-31 11:33:20'),
(1062, 255, 'PA086 - HEAVY HARNESS LEAD', 'PA086', '-1300.00', '13.000', '0.000', '0.00', '-16900.00', '-103636.00', 183, 31, '2022-05-31 11:33:20', '2022-05-31 11:33:20'),
(1063, 69, 'PD009 - UNIVERM TOTAL 1TAB', 'PD009', '-110.00', '65.000', '0.000', '0.00', '-7150.00', '-440830.00', 84, 31, '2022-05-31 11:33:20', '2022-05-31 11:33:20'),
(1064, 99, 'PV028 - CANNY B&E 90S', 'PV028', '-860.00', '13.000', '0.000', '0.00', '-11180.00', '-97916.00', 51, 31, '2022-05-31 11:33:20', '2022-05-31 11:33:20'),
(1065, 4, 'CM004 - AMINOL 1Kg', 'CM004', '-340.00', '13.000', '0.000', '0.00', '-4420.00', '-91156.00', 6, 31, '2022-05-31 11:33:20', '2022-05-31 11:33:20'),
(1066, 2, 'AM002 - AMINOL 10Kg(BUCKET)', 'AM002', '-3450.00', '13.000', '0.000', '0.00', '-44850.00', '-131586.00', 4, 31, '2022-05-31 11:33:20', '2022-05-31 11:33:20'),
(1067, 221, 'PA002 - CHEW BONE M', 'PA002', '-400.00', '13.000', '0.000', '0.00', '-5200.00', '-91936.00', 152, 31, '2022-05-31 11:33:20', '2022-05-31 11:33:20'),
(1068, 82, 'PF004 - CLASSIC PET  ADULT 500g', 'PF004', '-395.00', '26.000', '0.000', '0.00', '-10270.00', '-183742.00', 226, 31, '2022-05-31 11:33:20', '2022-05-31 11:33:20'),
(1069, 70, 'PD012 - NOWORM 1TAB', 'PD012', '-90.00', '52.000', '0.000', '0.00', '-4680.00', '-351624.00', 85, 31, '2022-05-31 11:33:20', '2022-05-31 11:33:20'),
(1070, 123, 'EP023 - NEXTGUARD 25-50', 'EP023', '-2650.00', '13.000', '0.000', '0.00', '-34450.00', '-121186.00', 114, 31, '2022-05-31 11:33:20', '2022-05-31 11:33:20'),
(1071, 73, 'WH006 - REGEN 40g', 'WH006', '-250.00', '13.000', '0.000', '0.00', '-3250.00', '-89986.00', 49, 31, '2022-05-31 11:33:20', '2022-05-31 11:33:20'),
(1072, 23, 'MV002 - CHICK TONIC 1L', 'MV002', '-2050.00', '26.000', '0.000', '0.00', '-53300.00', '-226772.00', 58, 31, '2022-05-31 11:33:20', '2022-05-31 11:33:20'),
(1073, 64, 'LS006 - HELMASOL 100g', 'LS006', '-390.00', '39.000', '0.000', '0.00', '-15210.00', '-275418.00', 80, 31, '2022-05-31 11:33:20', '2022-05-31 11:33:20'),
(1074, 158, 'LD016 - ANALAGON 150mg', 'LD016', '-145.00', '39.000', '0.000', '0.00', '-5655.00', '-265863.00', 46, 31, '2022-05-31 11:33:20', '2022-05-31 11:33:20'),
(1075, 71, 'PD011 - DRONTAL PLUS 2TAB', 'PD011', '-320.00', '13.000', '0.000', '0.00', '-4160.00', '-90896.00', 39, 31, '2022-05-31 11:33:20', '2022-05-31 11:33:20'),
(1076, 93, 'PV018 - CANNY BOOST', 'PV018', '-830.00', '13.000', '0.000', '0.00', '-10790.00', '-97526.00', 53, 31, '2022-05-31 11:33:20', '2022-05-31 11:33:20'),
(1077, 71, 'PD011 - DRONTAL PLUS 2TAB', 'PD011', '-320.00', '13.000', '0.000', '0.00', '-4160.00', '-90896.00', 39, 31, '2022-05-31 11:33:20', '2022-05-31 11:33:20'),
(1078, 194, 'EF019 - AVIGANADEXIL 10ml', 'EF019', '-130.00', '13.000', '0.000', '0.00', '-1690.00', '-88426.00', 133, 31, '2022-05-31 11:33:20', '2022-05-31 11:33:20'),
(1079, 65, 'LS007 - HELMOSOL 10g', 'LS007', '-60.00', '13.000', '0.000', '0.00', '-780.00', '-87516.00', 81, 31, '2022-05-31 11:33:20', '2022-05-31 11:33:20'),
(1080, 261, 'PA092 - PET COLLAR WITH BELL', 'PA092', '-280.00', '13.000', '0.000', '0.00', '-3640.00', '-90376.00', 190, 31, '2022-05-31 11:33:20', '2022-05-31 11:33:20'),
(1081, 196, 'PS003 - TICK OUT 100ml', 'PS003', '-350.00', '13.000', '0.000', '0.00', '-4550.00', '-91286.00', 15, 31, '2022-05-31 11:33:20', '2022-05-31 11:33:20'),
(1082, 199, 'PS006 - TICK & FREE 200ml', 'PS006', '-600.00', '13.000', '0.000', '0.00', '-7800.00', '-94536.00', 18, 31, '2022-05-31 11:33:20', '2022-05-31 11:33:20'),
(1083, 115, 'EP008 - TIXFREE 20-40', 'EP008', '-700.00', '13.000', '0.000', '0.00', '-9100.00', '-95836.00', 106, 31, '2022-05-31 11:33:20', '2022-05-31 11:33:20'),
(1084, 197, 'PS004 - SEBO RID 100ml', 'PS004', '-350.00', '13.000', '0.000', '0.00', '-4550.00', '-91286.00', 16, 31, '2022-05-31 11:33:20', '2022-05-31 11:33:20'),
(1085, 80, 'WS012 - GREEN X 100ml', 'WS012', '-340.00', '13.000', '0.000', '0.00', '-4420.00', '-91156.00', 90, 31, '2022-05-31 11:33:20', '2022-05-31 11:33:20'),
(1086, 87, 'PV006 - ORCALMIN 200ml', 'PV006', '-440.00', '13.000', '0.000', '0.00', '-5720.00', '-92456.00', 96, 31, '2022-05-31 11:33:20', '2022-05-31 11:33:20'),
(1087, 182, 'CT001 - C TETRA 100g', 'CT001', '-420.00', '52.000', '0.000', '0.00', '-21840.00', '-368784.00', 127, 31, '2022-05-31 11:33:20', '2022-05-31 11:33:20'),
(1088, 100, 'PV029 - NUTRICOAT 200ml', 'PV029', '-1450.00', '13.000', '0.000', '0.00', '-18850.00', '-105586.00', 36, 31, '2022-05-31 11:33:20', '2022-05-31 11:33:20'),
(1089, 91, 'PV011 - VEROL 200ml', 'PV011', '-1300.00', '13.000', '0.000', '0.00', '-16900.00', '-103636.00', 98, 31, '2022-05-31 11:33:20', '2022-05-31 11:33:20'),
(1090, 113, 'EP006 - TIXFREE 2-10', 'EP006', '-500.00', '13.000', '0.000', '0.00', '-6500.00', '-93236.00', 104, 31, '2022-05-31 11:33:20', '2022-05-31 11:33:20'),
(1091, 23, 'MV002 - CHICK TONIC 1L', 'MV002', '-2050.00', '13.000', '0.000', '0.00', '-26650.00', '-113386.00', 58, 31, '2022-05-31 11:33:20', '2022-05-31 11:33:20'),
(1092, 4, 'CM004 - AMINOL 1Kg', 'CM004', '-340.00', '13.000', '0.000', '0.00', '-4420.00', '-91156.00', 6, 31, '2022-05-31 11:33:20', '2022-05-31 11:33:20'),
(1093, 65, 'LS007 - HELMOSOL 10g', 'LS007', '-60.00', '13.000', '0.000', '0.00', '-780.00', '-87516.00', 81, 31, '2022-05-31 11:33:20', '2022-05-31 11:33:20'),
(1094, 100, 'PV029 - NUTRICOAT 200ml', 'PV029', '-1450.00', '13.000', '0.000', '0.00', '-18850.00', '-105586.00', 36, 31, '2022-05-31 11:33:20', '2022-05-31 11:33:20'),
(1095, 87, 'PV006 - ORCALMIN 200ml', 'PV006', '-440.00', '13.000', '0.000', '0.00', '-5720.00', '-92456.00', 96, 31, '2022-05-31 11:33:20', '2022-05-31 11:33:20'),
(1096, 301, 'PF021 - PEDIGREE ADULT 400G', 'PF021', '-375.00', '26.000', '0.000', '0.00', '-9750.00', '-183222.00', 221, 31, '2022-05-31 11:33:20', '2022-05-31 11:33:20'),
(1097, 112, 'EP003 - TICKAMIT 10ml', 'EP003', '-470.00', '13.000', '0.000', '0.00', '-6110.00', '-92846.00', 42, 31, '2022-05-31 11:33:20', '2022-05-31 11:33:20'),
(1098, 79, 'WS007 - REMADIUM 100ml', 'WS007', '-340.00', '13.000', '0.000', '0.00', '-4420.00', '-91156.00', 89, 31, '2022-05-31 11:33:20', '2022-05-31 11:33:20'),
(1099, 82, 'PF004 - CLASSIC PET  ADULT 500g', 'PF004', '-395.00', '13.000', '0.000', '0.00', '-5135.00', '-91871.00', 226, 31, '2022-05-31 11:33:20', '2022-05-31 11:33:20'),
(1100, 301, 'PF021 - PEDIGREE ADULT 400G', 'PF021', '-375.00', '13.000', '0.000', '0.00', '-4875.00', '-91611.00', 221, 31, '2022-05-31 11:33:20', '2022-05-31 11:33:20'),
(1101, 232, 'PA022 - COLLAR HIMA L', 'PA022', '-380.00', '13.000', '0.000', '0.00', '-4940.00', '-91676.00', 163, 31, '2022-05-31 11:33:20', '2022-05-31 11:33:20'),
(1102, 115, 'EP008 - TIXFREE 20-40', 'EP008', '-700.00', '13.000', '0.000', '0.00', '-9100.00', '-95836.00', 106, 31, '2022-05-31 11:33:20', '2022-05-31 11:33:20'),
(1103, 112, 'EP003 - TICKAMIT 10ml', 'EP003', '-470.00', '13.000', '0.000', '0.00', '-6110.00', '-92846.00', 42, 31, '2022-05-31 11:33:20', '2022-05-31 11:33:20'),
(1104, 118, 'EP016 - DELZ 10ml', 'EP016', '-350.00', '13.000', '0.000', '0.00', '-4550.00', '-91286.00', 110, 31, '2022-05-31 11:33:20', '2022-05-31 11:33:20'),
(1105, 198, 'PS005 - TICK OUT', 'PS005', '-280.00', '13.000', '0.000', '0.00', '-3640.00', '-90376.00', 17, 31, '2022-05-31 11:33:20', '2022-05-31 11:33:20'),
(1106, 197, 'PS004 - SEBO RID 100ml', 'PS004', '-350.00', '13.000', '0.000', '0.00', '-4550.00', '-91286.00', 16, 31, '2022-05-31 11:33:20', '2022-05-31 11:33:20'),
(1107, 67, 'PD003 - NICLOLIVA 2TAB', 'PD003', '-90.00', '13.000', '0.000', '0.00', '-1170.00', '-87906.00', 83, 31, '2022-05-31 11:33:20', '2022-05-31 11:33:20'),
(1108, 93, 'PV018 - CANNY BOOST', 'PV018', '-830.00', '13.000', '0.000', '0.00', '-10790.00', '-97526.00', 53, 31, '2022-05-31 11:33:20', '2022-05-31 11:33:20'),
(1109, 103, 'PV033 - NUTRI-COAT AD 200g', 'PV033', '-1900.00', '13.000', '0.000', '0.00', '-24700.00', '-111436.00', 34, 31, '2022-05-31 11:33:20', '2022-05-31 11:33:20'),
(1110, 69, 'PD009 - UNIVERM TOTAL 1TAB', 'PD009', '-110.00', '39.000', '0.000', '0.00', '-4290.00', '-264498.00', 84, 31, '2022-05-31 11:33:20', '2022-05-31 11:33:20'),
(1111, 72, 'WH004 - NEGASANT 40g', 'WH004', '-410.00', '13.000', '0.000', '0.00', '-5330.00', '-92066.00', 40, 31, '2022-05-31 11:33:20', '2022-05-31 11:33:20'),
(1112, 284, 'PF018 - MAXI PUPPY 4KG', 'PF018', '-7600.00', '13.000', '0.000', '0.00', '-98800.00', '-185536.00', 210, 31, '2022-05-31 11:33:20', '2022-05-31 11:33:20');

-- --------------------------------------------------------

--
-- Table structure for table `lot_infos`
--

CREATE TABLE `lot_infos` (
  `id` bigint(20) UNSIGNED NOT NULL,
  `initial_qty` decimal(10,3) NOT NULL,
  `qty` decimal(10,3) NOT NULL,
  `mfd` date NOT NULL,
  `exp` date NOT NULL,
  `cost` decimal(10,2) NOT NULL,
  `r_price` decimal(10,2) NOT NULL,
  `ws_price` decimal(10,2) NOT NULL,
  `product_id` bigint(20) UNSIGNED NOT NULL,
  `supplier_invoice_id` int(11) NOT NULL DEFAULT 0,
  `created_at` timestamp NULL DEFAULT NULL,
  `updated_at` timestamp NULL DEFAULT NULL
) ENGINE=InnoDB DEFAULT CHARSET=utf8mb4 COLLATE=utf8mb4_unicode_ci;

--
-- Dumping data for table `lot_infos`
--

INSERT INTO `lot_infos` (`id`, `initial_qty`, `qty`, `mfd`, `exp`, `cost`, `r_price`, `ws_price`, `product_id`, `supplier_invoice_id`, `created_at`, `updated_at`) VALUES
(1, '10.000', '5.000', '2022-03-26', '2022-03-27', '0.00', '0.00', '0.00', 1, 0, '2022-03-26 08:50:51', '2022-05-03 09:03:06'),
(3, '13.000', '12.000', '0333-03-03', '3333-03-31', '33.00', '33.00', '3.00', 314, 0, '2022-03-29 08:16:53', '2022-03-29 08:17:10'),
(4, '3.000', '2.000', '2022-03-05', '2024-03-05', '3134.00', '3565.00', '3450.00', 2, 0, '2022-03-29 09:23:29', '2022-05-31 11:33:20'),
(5, '2.000', '2.000', '2022-01-30', '2024-01-30', '2554.00', '3030.00', '0.00', 3, 0, '2022-03-29 09:26:24', '2022-03-29 09:26:24'),
(6, '25.000', '19.000', '2022-02-18', '2024-02-18', '290.00', '350.00', '340.00', 4, 0, '2022-03-29 09:31:10', '2022-05-31 11:33:20'),
(8, '31.000', '31.000', '2022-02-24', '2024-02-24', '242.00', '370.00', '310.00', 7, 0, '2022-03-29 09:35:50', '2022-03-29 09:35:50'),
(9, '2.000', '2.000', '2022-02-28', '2025-02-28', '2137.00', '2980.00', '2400.00', 8, 0, '2022-03-29 09:37:46', '2022-03-29 09:37:46'),
(10, '20.000', '20.000', '2021-12-31', '2024-12-21', '153.00', '215.00', '190.00', 9, 0, '2022-03-29 09:39:55', '2022-03-29 09:39:55'),
(11, '6.000', '6.000', '2021-04-30', '2023-04-30', '712.00', '950.00', '850.00', 13, 0, '2022-03-29 09:41:59', '2022-03-29 09:41:59'),
(12, '4.000', '4.000', '2021-04-30', '2023-04-30', '386.00', '515.00', '470.00', 17, 0, '2022-03-29 09:43:54', '2022-03-29 09:43:54'),
(13, '24.000', '24.000', '2021-09-30', '2025-09-30', '398.00', '480.00', '530.00', 14, 0, '2022-03-29 09:46:05', '2022-03-29 09:46:05'),
(14, '5.000', '5.000', '2022-01-24', '2025-01-24', '464.00', '600.00', '570.00', 195, 0, '2022-03-29 09:52:37', '2022-03-29 09:52:37'),
(15, '6.000', '3.000', '2022-03-29', '2024-01-27', '270.00', '380.00', '350.00', 196, 0, '2022-03-29 09:54:21', '2022-05-31 11:33:20'),
(16, '6.000', '3.000', '2022-03-29', '2023-11-04', '269.00', '380.00', '350.00', 197, 0, '2022-03-29 09:55:24', '2022-05-31 11:33:20'),
(17, '6.000', '4.000', '2022-03-29', '2023-10-23', '212.00', '300.00', '280.00', 198, 0, '2022-03-29 09:56:53', '2022-05-31 11:33:20'),
(18, '10.000', '6.000', '2022-03-29', '2023-11-30', '508.00', '650.00', '600.00', 199, 0, '2022-03-29 09:58:46', '2022-05-31 11:33:20'),
(19, '2.000', '2.000', '2022-03-29', '2023-04-23', '3733.00', '5475.00', '4100.00', 193, 0, '2022-03-29 10:34:02', '2022-03-29 10:34:02'),
(20, '3.000', '3.000', '2022-03-29', '2023-09-23', '885.00', '1250.00', '990.00', 188, 0, '2022-03-29 10:36:20', '2022-03-29 10:36:20'),
(22, '4.000', '4.000', '2022-03-29', '2024-04-30', '158.00', '240.00', '220.00', 191, 0, '2022-03-29 10:43:42', '2022-03-29 10:43:42'),
(23, '8.000', '8.000', '2022-03-29', '2024-04-30', '65.00', '100.00', '85.00', 192, 0, '2022-03-29 10:45:32', '2022-03-29 10:45:32'),
(24, '6.000', '6.000', '2022-03-29', '2023-04-30', '364.00', '500.00', '450.00', 190, 0, '2022-03-29 10:46:18', '2022-03-29 10:46:18'),
(25, '2.000', '2.000', '2022-03-29', '2024-01-12', '2780.00', '3100.00', '4360.00', 6, 0, '2022-03-29 10:50:56', '2022-03-29 10:50:56'),
(26, '2.000', '2.000', '2022-03-29', '2024-02-24', '2290.00', '3545.00', '2650.00', 5, 0, '2022-03-29 10:53:46', '2022-03-29 10:53:46'),
(27, '2.000', '2.000', '2022-03-29', '2023-11-30', '3212.00', '4950.00', '4150.00', 179, 0, '2022-03-29 11:00:33', '2022-03-29 11:00:33'),
(28, '2.000', '0.000', '2022-03-29', '2022-12-30', '104.00', '1340.00', '1120.00', 178, 0, '2022-03-29 11:01:23', '2022-05-31 10:15:53'),
(30, '2.000', '2.000', '2022-03-29', '2022-07-30', '2891.00', '2690.00', '2100.00', 45, 0, '2022-03-29 11:07:10', '2022-03-29 11:07:10'),
(31, '3.000', '3.000', '2022-03-29', '2023-09-30', '271.00', '385.00', '340.00', 41, 0, '2022-03-29 11:10:59', '2022-03-29 11:10:59'),
(32, '2.000', '2.000', '2022-03-29', '2023-12-30', '2420.00', '3550.00', '2950.00', 126, 0, '2022-03-29 11:13:17', '2022-03-29 11:13:17'),
(33, '10.000', '10.000', '2022-03-29', '2023-09-30', '656.00', '875.00', '780.00', 22, 0, '2022-03-29 11:19:47', '2022-03-29 11:19:47'),
(34, '6.000', '1.000', '2022-03-29', '2023-03-30', '1432.00', '2100.00', '1900.00', 103, 0, '2022-03-29 11:24:55', '2022-05-31 11:33:20'),
(36, '11.000', '8.000', '2022-03-29', '2023-09-24', '1142.00', '1675.00', '1450.00', 100, 0, '2022-03-29 11:28:04', '2022-05-31 11:33:20'),
(37, '14.000', '14.000', '2022-03-29', '2023-10-30', '578.00', '890.00', '750.00', 97, 0, '2022-03-29 11:29:39', '2022-03-29 11:29:39'),
(38, '4.000', '3.000', '2022-03-29', '2023-09-30', '169.00', '240.00', '220.00', 42, 0, '2022-03-29 11:31:57', '2022-05-31 06:43:49'),
(39, '14.000', '-1.000', '2022-03-29', '2025-01-31', '259.00', '345.00', '320.00', 71, 0, '2022-03-29 11:36:42', '2022-05-31 11:33:20'),
(40, '8.000', '6.000', '2022-03-29', '2022-10-30', '331.00', '480.00', '410.00', 72, 0, '2022-03-29 11:38:13', '2022-05-31 11:33:20'),
(41, '20.000', '19.000', '2022-03-29', '2023-07-30', '296.00', '415.00', '350.00', 111, 0, '2022-03-29 11:48:35', '2022-05-23 12:38:03'),
(42, '20.000', '16.000', '2022-03-29', '2023-07-30', '379.00', '530.00', '470.00', 112, 0, '2022-03-29 11:52:38', '2022-05-31 11:33:20'),
(43, '20.000', '20.000', '2022-03-29', '2023-08-30', '255.00', '360.00', '330.00', 110, 0, '2022-03-29 11:53:45', '2022-03-29 11:53:45'),
(44, '60.000', '60.000', '2022-03-29', '2025-03-30', '70.00', '95.00', '90.00', 155, 0, '2022-03-29 11:56:19', '2022-03-29 11:56:19'),
(45, '60.000', '60.000', '2022-03-29', '2025-07-30', '37.00', '50.00', '50.00', 157, 0, '2022-03-29 11:57:17', '2022-03-29 11:57:17'),
(46, '60.000', '57.000', '2022-03-29', '2023-03-30', '116.00', '155.00', '145.00', 158, 0, '2022-03-29 11:58:37', '2022-05-31 11:33:20'),
(47, '60.000', '60.000', '2022-03-29', '2024-10-30', '120.00', '160.00', '150.00', 156, 0, '2022-03-29 11:59:29', '2022-03-29 11:59:29'),
(48, '20.000', '20.000', '2022-03-29', '2024-08-31', '233.00', '345.00', '295.00', 68, 0, '2022-03-29 13:46:30', '2022-03-29 13:46:30'),
(49, '5.000', '4.000', '2022-03-29', '2022-11-30', '193.00', '295.00', '250.00', 73, 0, '2022-03-29 13:53:08', '2022-05-31 11:33:20'),
(50, '4.000', '3.000', '2022-03-29', '2025-07-31', '1096.00', '1630.00', '1300.00', 76, 0, '2022-03-29 13:55:03', '2022-05-23 13:29:40'),
(51, '6.000', '-3.000', '2022-03-29', '2023-04-30', '601.00', '935.00', '860.00', 99, 0, '2022-03-29 14:15:55', '2022-05-31 11:33:20'),
(52, '20.000', '18.000', '2022-03-29', '2023-04-30', '283.00', '475.00', '420.00', 89, 0, '2022-03-29 14:32:27', '2022-05-23 14:37:35'),
(53, '40.000', '15.000', '2022-03-29', '2024-02-28', '450.00', '990.00', '830.00', 93, 0, '2022-03-29 14:37:41', '2022-05-31 11:33:20'),
(55, '6.000', '6.000', '2022-03-30', '2023-07-30', '77.00', '110.00', '100.00', 175, 0, '2022-03-30 10:29:06', '2022-03-30 10:29:06'),
(56, '6.000', '6.000', '2022-03-31', '2023-09-30', '296.00', '390.00', '360.00', 83, 0, '2022-03-31 03:51:57', '2022-03-31 03:51:57'),
(57, '4.000', '1.000', '2022-03-31', '2023-11-29', '620.00', '837.00', '750.00', 15, 0, '2022-03-31 07:23:03', '2022-05-23 14:37:35'),
(58, '10.000', '5.000', '2022-03-31', '2023-09-30', '1639.00', '2695.00', '2050.00', 23, 0, '2022-03-31 07:29:26', '2022-05-31 11:33:20'),
(59, '3.000', '3.000', '2022-03-31', '2023-10-15', '900.00', '1265.00', '1050.00', 30, 0, '2022-03-31 07:45:28', '2022-03-31 07:45:28'),
(60, '4.000', '4.000', '2022-03-31', '2023-02-28', '213.00', '365.00', '300.00', 31, 0, '2022-03-31 07:47:12', '2022-03-31 07:47:12'),
(61, '2.000', '0.000', '2022-03-31', '2022-10-30', '1306.00', '1720.00', '1450.00', 37, 0, '2022-03-31 07:50:09', '2022-05-31 10:15:53'),
(62, '2.000', '1.000', '2022-03-31', '2023-03-30', '2856.00', '4275.00', '3900.00', 38, 0, '2022-03-31 07:51:57', '2022-05-23 13:29:40'),
(63, '3.000', '3.000', '2022-03-31', '2022-09-30', '555.00', '708.00', '630.00', 40, 0, '2022-03-31 07:53:41', '2022-03-31 07:53:41'),
(64, '3.000', '3.000', '2022-03-31', '2023-11-30', '298.00', '420.00', '350.00', 44, 0, '2022-03-31 07:57:06', '2022-03-31 07:57:06'),
(65, '2.000', '2.000', '2022-03-31', '2023-12-31', '1964.00', '2850.00', '2150.00', 46, 0, '2022-03-31 07:58:51', '2022-03-31 07:58:51'),
(66, '13.000', '13.000', '2022-03-31', '2023-01-31', '145.00', '200.00', '180.00', 47, 0, '2022-03-31 08:00:32', '2022-03-31 08:00:32'),
(67, '10.000', '10.000', '2022-03-31', '2024-01-31', '145.00', '185.00', '180.00', 48, 0, '2022-03-31 08:02:10', '2022-03-31 08:02:10'),
(68, '2.000', '2.000', '2022-03-31', '2022-10-30', '1136.00', '1500.00', '1250.00', 51, 0, '2022-03-31 08:04:39', '2022-03-31 08:04:39'),
(69, '2.000', '2.000', '2022-03-31', '2023-10-30', '879.00', '1220.00', '910.00', 52, 0, '2022-03-31 08:07:00', '2022-03-31 08:07:00'),
(70, '4.000', '4.000', '2022-03-31', '2023-10-30', '352.00', '510.00', '400.00', 53, 0, '2022-03-31 08:16:59', '2022-03-31 08:16:59'),
(71, '4.000', '4.000', '2022-03-31', '2023-10-30', '203.00', '300.00', '250.00', 54, 0, '2022-03-31 08:20:24', '2022-03-31 08:20:24'),
(72, '2.000', '2.000', '2022-03-31', '2023-09-24', '1355.00', '1780.00', '1500.00', 55, 0, '2022-03-31 08:28:08', '2022-03-31 08:28:08'),
(73, '4.000', '4.000', '2022-03-31', '2023-06-03', '220.00', '300.00', '260.00', 56, 0, '2022-03-31 08:29:44', '2022-03-31 08:29:44'),
(74, '3.000', '3.000', '2022-03-31', '2023-07-30', '776.00', '1210.00', '890.00', 58, 0, '2022-03-31 08:34:35', '2022-03-31 08:34:35'),
(75, '3.000', '3.000', '2022-03-31', '2023-07-30', '401.00', '675.00', '490.00', 59, 0, '2022-03-31 08:35:41', '2022-03-31 08:35:41'),
(76, '3.000', '3.000', '2022-03-31', '2023-10-30', '104.00', '155.00', '125.00', 60, 0, '2022-03-31 08:37:18', '2022-03-31 08:37:18'),
(77, '2.000', '2.000', '2022-03-31', '2022-11-30', '340.00', '520.00', '470.00', 61, 0, '2022-03-31 08:48:38', '2022-03-31 08:48:38'),
(78, '25.000', '23.000', '2022-03-31', '2023-09-30', '72.00', '110.00', '100.00', 62, 0, '2022-03-31 08:50:35', '2022-05-31 06:43:49'),
(79, '5.000', '5.000', '2022-03-31', '2023-12-31', '961.00', '1580.00', '1160.00', 63, 0, '2022-03-31 08:57:19', '2022-03-31 08:57:19'),
(80, '3.000', '0.000', '2022-03-31', '2024-01-31', '324.00', '400.00', '390.00', 64, 0, '2022-03-31 09:01:56', '2022-05-31 11:33:20'),
(81, '5.000', '3.000', '2022-03-31', '2023-11-30', '54.00', '75.00', '60.00', 65, 0, '2022-03-31 09:03:59', '2022-05-31 11:33:20'),
(83, '66.000', '59.000', '2022-03-31', '2024-06-30', '64.00', '95.00', '90.00', 67, 0, '2022-03-31 09:25:51', '2022-05-31 11:33:20'),
(84, '220.000', '202.000', '2022-03-31', '2024-03-31', '87.00', '110.00', '110.00', 69, 0, '2022-03-31 09:33:25', '2022-05-31 11:33:20'),
(85, '80.000', '76.000', '2022-03-31', '2024-02-28', '65.00', '100.00', '90.00', 70, 0, '2022-03-31 09:39:30', '2022-05-31 11:33:20'),
(86, '6.000', '6.000', '2022-03-31', '2023-10-30', '287.00', '410.00', '380.00', 74, 0, '2022-03-31 10:14:05', '2022-03-31 10:14:05'),
(87, '20.000', '20.000', '2022-03-31', '2024-07-30', '345.00', '493.00', '440.00', 75, 0, '2022-03-31 10:16:12', '2022-03-31 10:16:12'),
(88, '4.000', '4.000', '2022-03-31', '2024-03-10', '665.00', '990.00', '900.00', 77, 0, '2022-03-31 10:30:41', '2022-03-31 10:30:41'),
(89, '6.000', '5.000', '2022-03-31', '2024-02-18', '276.00', '390.00', '340.00', 79, 0, '2022-03-31 10:35:24', '2022-05-31 11:33:20'),
(90, '4.000', '2.000', '2022-03-31', '2022-08-30', '276.00', '390.00', '340.00', 80, 0, '2022-03-31 10:36:58', '2022-05-31 11:33:20'),
(92, '4.000', '4.000', '2022-04-01', '2023-06-30', '2947.00', '4250.00', '3800.00', 50, 0, '2022-04-01 04:27:41', '2022-04-01 04:27:41'),
(93, '3.000', '3.000', '2022-04-01', '2023-02-28', '325.00', '485.00', '400.00', 43, 0, '2022-04-01 04:32:51', '2022-04-01 04:32:51'),
(95, '6.000', '4.000', '2022-04-01', '2023-11-27', '773.00', '1000.00', '950.00', 86, 0, '2022-04-01 05:03:13', '2022-05-31 10:15:53'),
(96, '50.000', '48.000', '2022-04-01', '2023-11-30', '328.00', '530.00', '440.00', 87, 0, '2022-04-01 05:07:03', '2022-05-31 11:33:20'),
(97, '8.000', '7.000', '2022-04-01', '2023-08-30', '539.00', '840.00', '750.00', 90, 0, '2022-04-01 05:10:49', '2022-05-23 14:37:35'),
(98, '5.000', '4.000', '2022-04-01', '2023-11-30', '1044.00', '1400.00', '1300.00', 91, 0, '2022-04-01 05:12:50', '2022-05-31 11:33:20'),
(99, '5.000', '5.000', '2022-04-01', '2023-06-30', '1063.00', '1250.00', '1200.00', 92, 0, '2022-04-01 05:17:54', '2022-04-01 05:17:54'),
(100, '2.000', '2.000', '2022-04-01', '2023-07-30', '1114.00', '1448.00', '1400.00', 101, 0, '2022-04-01 05:37:49', '2022-04-01 05:37:49'),
(101, '2.000', '2.000', '2022-04-01', '2023-09-30', '1209.00', '1560.00', '1450.00', 102, 0, '2022-04-01 05:40:14', '2022-04-01 05:40:14'),
(102, '5.000', '5.000', '2022-04-01', '2023-01-26', '641.00', '830.00', '780.00', 104, 0, '2022-04-01 05:52:14', '2022-04-01 05:52:14'),
(103, '8.000', '7.000', '2022-04-01', '2022-10-30', '657.00', '850.00', '800.00', 109, 0, '2022-04-01 11:10:26', '2022-05-23 14:37:35'),
(104, '12.000', '9.000', '2022-04-01', '2024-01-03', '425.00', '500.00', '500.00', 113, 0, '2022-04-01 11:20:12', '2022-05-31 11:33:20'),
(105, '6.000', '5.000', '2022-04-01', '2024-01-24', '510.00', '600.00', '600.00', 114, 0, '2022-04-01 11:21:09', '2022-05-23 14:37:35'),
(106, '6.000', '4.000', '2022-04-01', '2024-01-24', '595.00', '700.00', '700.00', 115, 0, '2022-04-01 11:23:53', '2022-05-31 11:33:20'),
(107, '6.000', '6.000', '2022-04-01', '2023-11-29', '765.00', '900.00', '900.00', 116, 0, '2022-04-01 11:24:52', '2022-04-01 11:24:52'),
(109, '4.000', '4.000', '2022-04-01', '2023-08-01', '177.00', '230.00', '230.00', 117, 0, '2022-04-01 11:31:47', '2022-04-01 11:31:47'),
(110, '40.000', '30.000', '2022-04-01', '2023-10-30', '273.00', '415.00', '350.00', 118, 0, '2022-04-01 11:33:30', '2022-05-31 11:33:20'),
(111, '40.000', '39.000', '2022-04-01', '2023-10-30', '241.00', '360.00', '285.00', 119, 0, '2022-04-01 11:34:26', '2022-05-31 06:43:49'),
(112, '5.000', '5.000', '2022-04-01', '2023-12-31', '363.00', '475.00', '460.00', 120, 0, '2022-04-01 11:38:10', '2022-04-01 11:38:10'),
(113, '6.000', '3.000', '2022-04-01', '2024-04-30', '1870.00', '2150.00', '2150.00', 121, 0, '2022-04-01 11:41:04', '2022-05-31 11:33:20'),
(114, '3.000', '2.000', '2022-04-01', '2025-04-30', '2267.00', '2666.00', '2650.00', 123, 0, '2022-04-01 11:42:36', '2022-05-31 11:33:20'),
(115, '4.000', '3.000', '2022-04-02', '2024-11-30', '193.00', '250.00', '230.00', 124, 0, '2022-04-02 04:32:39', '2022-05-31 11:33:20'),
(116, '2.000', '2.000', '2022-04-02', '2023-05-30', '3274.00', '5000.00', '3600.00', 127, 0, '2022-04-02 05:05:31', '2022-04-02 05:05:31'),
(117, '2.000', '2.000', '2022-04-02', '2022-11-30', '1004.00', '1400.00', '1150.00', 128, 0, '2022-04-02 05:06:32', '2022-04-02 05:06:32'),
(118, '20.000', '20.000', '2022-04-02', '2023-12-31', '257.00', '390.00', '330.00', 130, 0, '2022-04-02 05:07:27', '2022-04-02 05:07:27'),
(119, '24.000', '24.000', '2022-04-02', '2024-04-30', '1005.00', '1450.00', '1200.00', 132, 0, '2022-04-02 06:05:03', '2022-04-02 06:05:03'),
(120, '3.000', '3.000', '2022-04-02', '2023-08-30', '4095.00', '5300.00', '4500.00', 171, 0, '2022-04-02 06:54:09', '2022-04-02 06:54:09'),
(121, '4.000', '4.000', '2022-04-02', '2023-02-28', '561.00', '925.00', '750.00', 173, 0, '2022-04-02 06:56:15', '2022-04-02 06:56:15'),
(124, '6.000', '6.000', '2022-04-04', '2023-12-31', '59.00', '75.00', '70.00', 174, 0, '2022-04-03 22:30:12', '2022-04-03 22:30:12'),
(125, '3.000', '3.000', '2022-04-04', '2023-04-04', '1521.00', '1800.00', '1680.00', 176, 0, '2022-04-03 22:33:13', '2022-04-03 22:33:13'),
(126, '2.000', '2.000', '2022-04-04', '2023-10-30', '448.00', '630.00', '470.00', 177, 0, '2022-04-03 22:38:09', '2022-04-03 22:38:09'),
(127, '4.000', '0.000', '2022-04-04', '2023-12-31', '364.00', '460.00', '420.00', 182, 0, '2022-04-03 22:41:40', '2022-05-31 11:33:20'),
(128, '4.000', '4.000', '2022-04-04', '2024-05-30', '2320.00', '2989.00', '2700.00', 183, 0, '2022-04-03 22:49:43', '2022-04-03 22:49:43'),
(129, '3.000', '3.000', '2022-04-04', '2023-05-30', '321.00', '490.00', '400.00', 184, 0, '2022-04-03 22:52:15', '2022-04-03 22:52:15'),
(130, '3.000', '3.000', '2022-04-04', '2023-05-30', '1157.00', '1750.00', '1500.00', 185, 0, '2022-04-03 22:53:48', '2022-04-03 22:53:48'),
(131, '10.000', '10.000', '2022-04-04', '2024-04-30', '3667.00', '6600.00', '3940.00', 187, 0, '2022-04-03 23:03:36', '2022-04-03 23:03:36'),
(132, '13.000', '13.000', '2022-04-04', '2024-11-30', '129.00', '190.00', '170.00', 186, 0, '2022-04-03 23:58:35', '2022-04-03 23:58:35'),
(133, '13.000', '12.000', '2022-04-04', '2024-01-31', '96.00', '140.00', '130.00', 194, 0, '2022-04-04 00:05:58', '2022-05-31 11:33:20'),
(134, '6.000', '6.000', '2022-04-04', '2023-12-31', '250.00', '335.00', '300.00', 200, 0, '2022-04-04 00:09:18', '2022-04-04 00:09:18'),
(135, '6.000', '6.000', '2022-04-04', '2024-02-28', '276.00', '370.00', '350.00', 201, 0, '2022-04-04 00:10:25', '2022-04-04 00:10:25'),
(137, '5.000', '5.000', '2022-04-04', '2023-11-30', '232.00', '300.00', '280.00', 203, 0, '2022-04-04 01:03:41', '2022-04-04 01:03:41'),
(138, '5.000', '3.000', '2022-04-04', '2024-11-01', '309.00', '400.00', '370.00', 205, 0, '2022-04-04 01:04:41', '2022-05-23 13:29:40'),
(139, '5.000', '5.000', '2022-04-04', '2024-06-30', '6701.00', '10455.00', '7380.00', 206, 0, '2022-04-04 01:25:19', '2022-04-04 01:25:19'),
(140, '4.000', '4.000', '2022-04-04', '2024-06-30', '1907.00', '2900.00', '2100.00', 207, 0, '2022-04-04 01:27:42', '2022-04-04 01:27:42'),
(141, '4.000', '4.000', '2022-04-04', '2024-06-30', '477.00', '720.00', '550.00', 208, 0, '2022-04-04 01:28:43', '2022-04-04 01:28:43'),
(142, '3.000', '-1.000', '2022-04-04', '2024-04-30', '3090.00', '4000.00', '3450.00', 209, 0, '2022-04-04 01:30:38', '2022-05-23 13:29:40'),
(143, '3.000', '3.000', '2022-04-04', '2024-04-30', '995.00', '1250.00', '1120.00', 210, 0, '2022-04-04 01:31:17', '2022-04-04 01:31:17'),
(144, '10.000', '10.000', '2022-04-04', '2024-06-30', '1056.00', '1422.00', '1340.00', 212, 0, '2022-04-04 01:32:42', '2022-04-04 01:32:42'),
(145, '3.000', '3.000', '2022-04-04', '2023-03-30', '836.00', '1090.00', '970.00', 213, 0, '2022-04-04 01:34:26', '2022-04-04 01:34:26'),
(146, '6.000', '6.000', '2022-04-04', '2023-07-30', '289.00', '390.00', '325.00', 214, 0, '2022-04-04 01:38:51', '2022-04-04 01:38:51'),
(147, '14.000', '14.000', '2022-04-04', '2023-10-30', '342.00', '565.00', '450.00', 217, 0, '2022-04-04 01:45:24', '2022-04-04 01:45:24'),
(150, '2.000', '2.000', '2022-04-05', '2023-05-30', '7036.00', '10750.00', '7700.00', 219, 0, '2022-04-05 05:26:36', '2022-04-05 05:26:36'),
(151, '5.000', '4.000', '2022-04-05', '2030-12-31', '200.00', '250.00', '250.00', 220, 0, '2022-04-05 05:35:32', '2022-05-23 14:37:35'),
(152, '5.000', '2.000', '2022-04-05', '2030-12-31', '320.00', '400.00', '400.00', 221, 0, '2022-04-05 05:36:11', '2022-05-31 11:33:20'),
(153, '25.000', '25.000', '2022-04-05', '2030-12-31', '1420.00', '1780.00', '1780.00', 222, 0, '2022-04-05 05:43:57', '2022-04-05 05:43:57'),
(154, '2.000', '2.000', '2022-04-05', '2030-12-31', '1420.00', '1780.00', '1780.00', 223, 0, '2022-04-05 05:45:13', '2022-04-05 05:45:13'),
(155, '2.000', '2.000', '2022-04-05', '2030-12-31', '316.00', '400.00', '400.00', 224, 0, '2022-04-05 05:46:27', '2022-04-05 05:46:27'),
(156, '4.000', '4.000', '2022-04-05', '2030-12-31', '390.00', '490.00', '460.00', 225, 0, '2022-04-05 05:52:28', '2022-04-05 05:52:28'),
(157, '4.000', '4.000', '2022-04-05', '2030-12-31', '400.00', '510.00', '510.00', 226, 0, '2022-04-05 05:53:40', '2022-04-05 05:53:40'),
(158, '4.000', '4.000', '2022-04-05', '2030-12-31', '420.00', '530.00', '530.00', 227, 0, '2022-04-05 05:55:01', '2022-04-05 05:55:01'),
(159, '4.000', '4.000', '2022-04-05', '2030-12-31', '430.00', '550.00', '550.00', 228, 0, '2022-04-05 05:55:36', '2022-04-05 05:55:36'),
(160, '5.000', '-10.000', '2022-04-05', '2030-12-31', '800.00', '1000.00', '1000.00', 229, 0, '2022-04-05 05:57:00', '2022-05-31 04:39:37'),
(161, '245.000', '245.000', '2022-04-05', '2030-12-31', '245.00', '350.00', '300.00', 230, 0, '2022-04-05 06:22:33', '2022-04-05 06:22:33'),
(162, '7.000', '-10.000', '2022-04-05', '2030-12-31', '280.00', '400.00', '340.00', 231, 0, '2022-04-05 06:24:18', '2022-05-31 04:39:37'),
(163, '6.000', '3.000', '2022-04-05', '2030-12-31', '315.00', '380.00', '380.00', 232, 0, '2022-04-05 06:30:38', '2022-05-31 11:33:20'),
(164, '6.000', '5.000', '2022-04-05', '2030-12-31', '280.00', '400.00', '380.00', 234, 0, '2022-04-05 06:31:33', '2022-05-23 13:29:40'),
(165, '3.000', '3.000', '2022-04-05', '2030-12-31', '350.00', '500.00', '420.00', 235, 0, '2022-04-05 06:32:48', '2022-04-05 06:32:48'),
(167, '1.000', '1.000', '2022-04-05', '2030-12-31', '385.00', '550.00', '460.00', 238, 0, '2022-04-05 06:35:49', '2022-04-05 06:35:49'),
(168, '6.000', '6.000', '2022-04-05', '2030-12-31', '420.00', '600.00', '500.00', 239, 0, '2022-04-05 06:36:35', '2022-04-05 06:36:35'),
(170, '1.000', '1.000', '2022-04-05', '2030-12-31', '455.00', '650.00', '545.00', 240, 0, '2022-04-05 06:39:05', '2022-04-05 06:39:05'),
(171, '15.000', '15.000', '2022-04-05', '2030-12-31', '65.00', '150.00', '150.00', 242, 0, '2022-04-05 07:24:12', '2022-04-05 07:24:12'),
(172, '12.000', '10.000', '2022-04-05', '2030-12-31', '200.00', '250.00', '250.00', 243, 0, '2022-04-05 07:25:07', '2022-05-23 14:37:35'),
(173, '5.000', '5.000', '2022-04-05', '2030-12-31', '180.00', '220.00', '220.00', 244, 0, '2022-04-05 07:25:52', '2022-04-05 07:25:52'),
(174, '2.000', '2.000', '2022-04-05', '2030-12-31', '170.00', '300.00', '300.00', 245, 0, '2022-04-05 07:26:29', '2022-04-05 07:26:29'),
(175, '2.000', '2.000', '2022-04-05', '2030-12-31', '129.00', '250.00', '250.00', 246, 0, '2022-04-05 07:27:39', '2022-04-05 07:27:39'),
(176, '2.000', '1.000', '2022-04-05', '2030-12-31', '150.00', '280.00', '280.00', 248, 0, '2022-04-05 07:28:54', '2022-05-23 13:04:07'),
(177, '1.000', '1.000', '2022-04-05', '2030-12-31', '170.00', '320.00', '320.00', 249, 0, '2022-04-05 07:29:42', '2022-04-05 07:29:42'),
(178, '3.000', '0.000', '2022-04-05', '2030-12-31', '200.00', '230.00', '230.00', 250, 0, '2022-04-05 07:30:18', '2022-05-23 14:37:35'),
(179, '4.000', '2.000', '2022-04-05', '2030-12-31', '750.00', '900.00', '900.00', 251, 0, '2022-04-05 07:31:11', '2022-05-23 14:37:35'),
(181, '5.000', '4.000', '2022-04-05', '2030-12-31', '850.00', '1050.00', '1050.00', 253, 0, '2022-04-05 07:33:09', '2022-05-23 13:29:40'),
(182, '7.000', '4.000', '2022-04-05', '2030-12-31', '240.00', '350.00', '350.00', 254, 0, '2022-04-05 07:36:55', '2022-05-23 14:37:35'),
(183, '1.000', '0.000', '2022-04-05', '2030-12-31', '950.00', '1300.00', '1300.00', 255, 0, '2022-04-05 07:37:35', '2022-05-31 11:33:20'),
(184, '7.000', '7.000', '2022-04-05', '2030-12-31', '450.00', '600.00', '600.00', 256, 0, '2022-04-05 07:38:16', '2022-04-05 07:38:16'),
(185, '4.000', '4.000', '2022-04-05', '2030-12-31', '350.00', '500.00', '500.00', 257, 0, '2022-04-05 07:51:51', '2022-04-05 07:51:51'),
(186, '4.000', '3.000', '2022-04-05', '2030-12-31', '425.00', '500.00', '500.00', 258, 0, '2022-04-05 07:54:50', '2022-05-23 13:29:40'),
(187, '4.000', '3.000', '2022-04-05', '2030-12-31', '550.00', '750.00', '750.00', 259, 0, '2022-04-05 07:55:43', '2022-05-04 10:33:17'),
(188, '7.000', '6.000', '2022-04-05', '2030-12-31', '280.00', '400.00', '400.00', 260, 0, '2022-04-05 07:56:43', '2022-05-04 10:38:24'),
(190, '12.000', '9.000', '2022-04-05', '2030-12-31', '220.00', '280.00', '280.00', 261, 0, '2022-04-05 07:58:25', '2022-05-31 11:33:20'),
(191, '2.000', '1.000', '2022-04-05', '2030-12-31', '1270.00', '1600.00', '1600.00', 262, 0, '2022-04-05 07:59:02', '2022-05-31 06:43:49'),
(192, '1.000', '1.000', '2022-04-05', '2030-12-31', '1910.00', '2400.00', '2400.00', 263, 0, '2022-04-05 07:59:54', '2022-04-05 07:59:54'),
(193, '2.000', '2.000', '2022-04-05', '2030-12-31', '840.00', '1050.00', '1050.00', 264, 0, '2022-04-05 08:00:45', '2022-04-05 08:00:45'),
(194, '2.000', '2.000', '2022-04-05', '2030-12-31', '400.00', '500.00', '500.00', 265, 0, '2022-04-05 08:02:10', '2022-04-05 08:02:10'),
(195, '2.000', '2.000', '2022-04-05', '2030-12-31', '910.00', '1150.00', '1150.00', 266, 0, '2022-04-05 08:03:10', '2022-04-05 08:03:10'),
(197, '3.000', '3.000', '2022-04-05', '2030-12-31', '550.00', '700.00', '700.00', 268, 0, '2022-04-05 08:04:43', '2022-04-05 08:04:43'),
(198, '3.000', '2.000', '2022-04-05', '2030-12-31', '640.00', '800.00', '800.00', 269, 0, '2022-04-05 08:18:57', '2022-05-23 13:04:07'),
(202, '8.000', '8.000', '2022-04-06', '2030-12-31', '225.00', '270.00', '270.00', 270, 0, '2022-04-06 05:31:46', '2022-04-06 05:31:46'),
(203, '4.000', '4.000', '2022-04-06', '2030-12-31', '800.00', '960.00', '960.00', 271, 0, '2022-04-06 05:33:21', '2022-04-06 05:33:21'),
(204, '10.000', '8.000', '2022-04-06', '2030-12-31', '190.00', '230.00', '230.00', 272, 0, '2022-04-06 05:36:07', '2022-05-23 13:29:40'),
(205, '10.000', '7.000', '2030-12-31', '2030-12-31', '190.00', '320.00', '320.00', 273, 0, '2022-04-06 05:37:41', '2022-05-23 13:29:40'),
(206, '6.000', '5.000', '2022-04-06', '2024-01-14', '192.00', '240.00', '240.00', 274, 0, '2022-04-06 05:41:52', '2022-05-23 14:37:35'),
(207, '6.000', '5.000', '2022-04-06', '2024-01-14', '208.00', '250.00', '250.00', 275, 0, '2022-04-06 05:42:59', '2022-05-23 13:04:07'),
(208, '6.000', '5.000', '2022-04-06', '2024-02-27', '208.00', '250.00', '250.00', 276, 0, '2022-04-06 05:49:14', '2022-05-23 14:37:35'),
(209, '3.000', '2.000', '2022-04-06', '2022-06-16', '5652.00', '6650.00', '6450.00', 283, 0, '2022-04-06 06:26:29', '2022-05-23 13:29:40'),
(210, '5.000', '4.000', '2022-04-06', '2023-07-12', '6672.00', '7850.00', '7600.00', 284, 0, '2022-04-06 06:39:11', '2022-05-31 11:33:20'),
(211, '10.000', '10.000', '2022-04-06', '2023-07-19', '1997.00', '2350.00', '2250.00', 285, 0, '2022-04-06 06:41:10', '2022-04-06 06:41:10'),
(212, '4.000', '4.000', '2022-04-06', '2022-11-30', '4473.00', '6200.00', '5700.00', 305, 0, '2022-04-06 07:00:25', '2022-04-06 07:00:25'),
(213, '2.000', '2.000', '2022-04-06', '2025-09-30', '1305.00', '1610.00', '1460.00', 304, 0, '2022-04-06 07:48:46', '2022-04-06 07:48:46'),
(214, '6.000', '3.000', '2022-04-06', '2025-03-02', '291.00', '400.00', '380.00', 309, 0, '2022-04-06 08:06:00', '2022-05-23 14:37:35'),
(215, '5.000', '5.000', '2022-04-06', '2025-03-02', '291.00', '400.00', '380.00', 310, 0, '2022-04-06 08:07:04', '2022-04-06 08:07:04'),
(217, '1.000', '1.000', '2022-04-06', '2024-12-01', '277.00', '380.00', '360.00', 310, 0, '2022-04-06 08:09:39', '2022-04-06 08:09:39'),
(218, '6.000', '3.000', '2022-04-06', '2025-03-02', '277.00', '380.00', '360.00', 311, 0, '2022-04-06 08:11:50', '2022-05-31 11:33:20'),
(219, '2.000', '0.000', '2022-04-07', '2024-03-30', '1406.00', '2190.00', '1750.00', 218, 0, '2022-04-07 03:56:12', '2022-05-23 13:29:40'),
(220, '5.000', '1.000', '2022-04-09', '2022-11-12', '351.00', '390.00', '390.00', 300, 0, '2022-04-09 03:21:10', '2022-05-23 14:37:35'),
(221, '6.000', '3.000', '2022-04-09', '2022-11-16', '337.00', '375.00', '375.00', 301, 0, '2022-04-09 03:23:04', '2022-05-31 11:33:20'),
(222, '5.000', '-1.000', '2022-04-09', '2022-12-17', '999.00', '1110.00', '1110.00', 302, 0, '2022-04-09 03:25:12', '2022-05-31 11:33:20'),
(223, '3.000', '2.000', '2022-04-09', '2022-10-25', '958.00', '1065.00', '1065.00', 303, 0, '2022-04-09 03:26:56', '2022-05-23 13:04:07'),
(224, '8.000', '8.000', '2022-04-09', '2025-08-30', '4137.00', '4790.00', '4790.00', 308, 0, '2022-04-09 03:33:35', '2022-04-09 03:33:35'),
(226, '6.000', '0.000', '2022-03-31', '2022-09-20', '336.00', '395.00', '395.00', 82, 2, '2022-05-03 08:03:08', '2022-05-31 11:33:20');

-- --------------------------------------------------------

--
-- Table structure for table `migrations`
--

CREATE TABLE `migrations` (
  `id` int(10) UNSIGNED NOT NULL,
  `migration` varchar(255) COLLATE utf8mb4_unicode_ci NOT NULL,
  `batch` int(11) NOT NULL
) ENGINE=InnoDB DEFAULT CHARSET=utf8mb4 COLLATE=utf8mb4_unicode_ci;

--
-- Dumping data for table `migrations`
--

INSERT INTO `migrations` (`id`, `migration`, `batch`) VALUES
(35, '2014_10_12_000000_create_users_table', 1),
(36, '2014_10_12_100000_create_password_resets_table', 1),
(37, '2019_08_19_000000_create_failed_jobs_table', 1),
(38, '2019_12_14_000001_create_personal_access_tokens_table', 1),
(39, '2022_03_06_015140_create_categories_table', 1),
(40, '2022_03_06_015545_create_sub_categories_table', 1),
(41, '2022_03_06_150544_create_brands_table', 1),
(42, '2022_03_06_155332_create_suppliers_table', 1),
(43, '2022_03_06_155333_create_supplier_invoices_table', 1),
(44, '2022_03_06_164514_create_products_table', 1),
(45, '2022_03_06_165440_create_lot_infos_table', 1),
(46, '2022_03_06_170404_create_barcodes_table', 1),
(47, '2022_03_06_192731_create_customers_table', 1),
(50, '2022_03_10_033817_create_qty_types_table', 1),
(51, '2022_03_06_192858_create_invoices_table', 2),
(52, '2022_03_06_192913_create_invoice_items_table', 2),
(53, '2022_04_23_111924_create_starting_cashes_table', 2),
(54, '2022_04_23_153306_create_cash_in_outs_table', 2);

-- --------------------------------------------------------

--
-- Table structure for table `password_resets`
--

CREATE TABLE `password_resets` (
  `email` varchar(255) COLLATE utf8mb4_unicode_ci NOT NULL,
  `token` varchar(255) COLLATE utf8mb4_unicode_ci NOT NULL,
  `created_at` timestamp NULL DEFAULT NULL
) ENGINE=InnoDB DEFAULT CHARSET=utf8mb4 COLLATE=utf8mb4_unicode_ci;

-- --------------------------------------------------------

--
-- Table structure for table `personal_access_tokens`
--

CREATE TABLE `personal_access_tokens` (
  `id` bigint(20) UNSIGNED NOT NULL,
  `tokenable_type` varchar(255) COLLATE utf8mb4_unicode_ci NOT NULL,
  `tokenable_id` bigint(20) UNSIGNED NOT NULL,
  `name` varchar(255) COLLATE utf8mb4_unicode_ci NOT NULL,
  `token` varchar(64) COLLATE utf8mb4_unicode_ci NOT NULL,
  `abilities` text COLLATE utf8mb4_unicode_ci DEFAULT NULL,
  `last_used_at` timestamp NULL DEFAULT NULL,
  `created_at` timestamp NULL DEFAULT NULL,
  `updated_at` timestamp NULL DEFAULT NULL
) ENGINE=InnoDB DEFAULT CHARSET=utf8mb4 COLLATE=utf8mb4_unicode_ci;

-- --------------------------------------------------------

--
-- Table structure for table `products`
--

CREATE TABLE `products` (
  `id` bigint(20) UNSIGNED NOT NULL,
  `name` varchar(70) COLLATE utf8mb4_unicode_ci NOT NULL,
  `code` varchar(50) COLLATE utf8mb4_unicode_ci NOT NULL,
  `qty_type` varchar(10) COLLATE utf8mb4_unicode_ci NOT NULL,
  `re_order_level` decimal(10,3) NOT NULL,
  `re_order_qty` decimal(10,3) NOT NULL,
  `description` varchar(200) COLLATE utf8mb4_unicode_ci DEFAULT NULL,
  `status` varchar(10) COLLATE utf8mb4_unicode_ci NOT NULL DEFAULT 'Active',
  `category_id` bigint(20) UNSIGNED NOT NULL,
  `sub_category_id` bigint(20) UNSIGNED NOT NULL,
  `brand_id` bigint(20) UNSIGNED NOT NULL,
  `supplier_id` bigint(20) UNSIGNED NOT NULL,
  `created_at` timestamp NULL DEFAULT NULL,
  `updated_at` timestamp NULL DEFAULT NULL
) ENGINE=InnoDB DEFAULT CHARSET=utf8mb4 COLLATE=utf8mb4_unicode_ci;

--
-- Dumping data for table `products`
--

INSERT INTO `products` (`id`, `name`, `code`, `qty_type`, `re_order_level`, `re_order_qty`, `description`, `status`, `category_id`, `sub_category_id`, `brand_id`, `supplier_id`, `created_at`, `updated_at`) VALUES
(1, 'AMINOL 25Kg', 'CM001', 'pcs', '2.000', '10.000', NULL, 'Acive', 2, 1, 1, 1, '2022-03-26 05:36:58', '2022-03-26 05:36:58'),
(2, 'AMINOL 10Kg(BUCKET)', 'AM002', 'pcs', '2.000', '10.000', NULL, 'Acive', 2, 1, 1, 1, '2022-03-26 05:41:49', '2022-03-26 05:41:49'),
(3, 'AMINOL 10Kg(BAG)', 'CM003', 'pcs', '2.000', '10.000', NULL, 'Active', 2, 1, 1, 1, '2022-03-26 05:43:05', '2022-03-26 05:43:05'),
(4, 'AMINOL 1Kg', 'CM004', 'pcs', '10.000', '50.000', NULL, 'Active', 2, 1, 1, 1, '2022-03-26 05:44:12', '2022-03-26 05:44:12'),
(5, 'PROMINOL 10Kg(BAG)', 'CM005', 'pcs', '2.000', '10.000', NULL, 'Acive', 2, 1, 2, 2, '2022-03-26 05:49:19', '2022-03-26 05:49:19'),
(6, 'PROMINOL 10Kg(BUCKET)', 'CM006', 'pcs', '2.000', '10.000', NULL, 'Active', 2, 1, 2, 2, '2022-03-26 05:52:08', '2022-03-26 05:52:08'),
(7, 'PROMINOL 1Kg', 'CM007', 'pcs', '2.000', '10.000', NULL, 'Active', 2, 1, 2, 2, '2022-03-26 05:53:20', '2022-03-26 05:53:20'),
(8, 'SUPER MINERAL', 'CM010', 'pcs', '2.000', '10.000', NULL, 'Active', 2, 1, 3, 3, '2022-03-26 05:56:59', '2022-03-26 05:56:59'),
(9, 'SUPER MINERAL 1KG', 'CM011', 'pcs', '10.000', '50.000', NULL, 'Acive', 2, 1, 3, 3, '2022-03-26 05:57:45', '2022-03-26 06:54:54'),
(10, 'MILK MAGIC 10KG', 'CM008', 'pcs', '2.000', '10.000', NULL, 'Active', 2, 1, 4, 4, '2022-03-26 06:00:07', '2022-03-26 06:00:07'),
(11, 'MILK MAGIC 1KG', 'CM009', 'pcs', '2.000', '10.000', NULL, 'Acive', 2, 1, 4, 4, '2022-03-26 06:01:15', '2022-03-26 06:54:28'),
(12, 'NUTRISAC 1KG', 'CM012', 'pcs', '2.000', '10.000', NULL, 'Active', 2, 1, 5, 5, '2022-03-26 06:03:49', '2022-03-26 06:03:49'),
(13, 'BESTMIN GOLD 1.2KG', 'CM013', 'pcs', '2.000', '10.000', NULL, 'Active', 2, 1, 5, 5, '2022-03-26 06:04:36', '2022-03-26 06:04:36'),
(14, 'CALFO20 500g', 'CM014', 'pcs', '2.000', '10.000', NULL, 'Active', 2, 1, 3, 3, '2022-03-26 06:05:46', '2022-03-26 06:05:46'),
(15, 'BIOSWINE MINERAL 1KG', 'CM016', 'pcs', '2.000', '10.000', NULL, 'Active', 2, 1, 6, 6, '2022-03-26 06:07:52', '2022-03-26 06:07:52'),
(16, 'NUTRISAC 10KG', 'CM024', 'pcs', '2.000', '10.000', NULL, 'Acive', 2, 1, 5, 5, '2022-03-26 06:09:39', '2022-03-26 06:09:39'),
(17, 'BESTMIN GOLD 600g', 'CM025', 'pcs', '2.000', '10.000', NULL, 'Acive', 2, 1, 5, 5, '2022-03-26 06:10:35', '2022-03-26 06:56:45'),
(18, 'INTRACALFEROL 1L', 'CS001', 'pcs', '2.000', '10.000', NULL, 'Acive', 3, 2, 7, 7, '2022-03-26 06:14:21', '2022-03-26 06:56:33'),
(19, 'SUPERCAL 1L', 'CS002', 'pcs', '2.000', '10.000', NULL, 'Acive', 3, 2, 8, 8, '2022-03-26 06:15:45', '2022-03-26 06:56:19'),
(20, 'CALVIT P 1L', 'CS005', 'pcs', '2.000', '10.000', NULL, 'Acive', 3, 2, 6, 6, '2022-03-26 06:16:52', '2022-03-26 06:56:08'),
(21, 'PROVICAL FORTE 1L', 'CS006', 'pcs', '2.000', '10.000', NULL, 'Acive', 3, 2, 5, 5, '2022-03-26 06:17:37', '2022-03-26 06:55:57'),
(22, 'CALUP GEL 300g', 'CS007', 'pcs', '2.000', '10.000', NULL, 'Acive', 3, 2, 5, 5, '2022-03-26 06:18:46', '2022-03-26 06:55:38'),
(23, 'CHICK TONIC 1L', 'MV002', 'pcs', '2.000', '10.000', NULL, 'Acive', 4, 3, 3, 3, '2022-03-26 06:20:24', '2022-03-26 06:55:18'),
(24, 'BIOSPARK V 1L', 'MV004', 'pcs', '2.000', '10.000', NULL, 'Acive', 4, 3, 9, 9, '2022-03-26 06:50:55', '2022-03-26 06:50:55'),
(25, 'AMINOVIT 1KG', 'MV006', 'pcs', '2.000', '10.000', NULL, 'Active', 4, 4, 3, 3, '2022-03-26 06:52:51', '2022-03-26 06:52:51'),
(26, 'BIO AMINOSOL 1KG', 'MV008', 'pcs', '2.000', '10.000', NULL, 'Acive', 4, 4, 6, 6, '2022-03-26 06:54:02', '2022-03-26 06:54:02'),
(27, 'CHICK TONIC 500ml', 'MV010', 'pcs', '2.000', '10.000', NULL, 'Acive', 4, 3, 3, 3, '2022-03-26 06:59:07', '2022-03-26 06:59:07'),
(28, 'G PROMIN 500ml', 'MV011', 'pcs', '2.000', '10.000', NULL, 'Acive', 4, 3, 5, 5, '2022-03-26 06:59:53', '2022-03-26 06:59:53'),
(29, 'VITASOL 500g', 'MV012', 'pcs', '2.000', '10.000', NULL, 'Acive', 4, 4, 4, 4, '2022-03-26 07:00:37', '2022-03-26 07:00:37'),
(30, 'BIOVIT 500g', 'MV013', 'pcs', '2.000', '10.000', NULL, 'Acive', 4, 4, 4, 4, '2022-03-26 07:01:11', '2022-03-26 07:01:11'),
(31, 'CHICK TONIC 100ml', 'MV015', 'pcs', '2.000', '10.000', NULL, 'Acive', 4, 3, 3, 3, '2022-03-26 07:01:50', '2022-03-26 07:01:50'),
(32, 'VITASOL 100g', 'MV016', 'pcs', '2.000', '10.000', NULL, 'Acive', 4, 4, 4, 4, '2022-03-26 07:02:21', '2022-03-26 07:02:21'),
(33, 'CHICK TONIC 50ml', 'MV018', 'pcs', '2.000', '10.000', NULL, 'Acive', 4, 3, 3, 3, '2022-03-26 07:02:57', '2022-03-26 07:02:57'),
(34, 'VITA STRESS 50g', 'MV019', 'pcs', '2.000', '10.000', NULL, 'Acive', 4, 4, 1, 1, '2022-03-26 07:05:22', '2022-03-26 07:05:22'),
(35, 'AMINOVIT 100g', 'MV023', 'pcs', '2.000', '10.000', NULL, 'Acive', 4, 4, 3, 3, '2022-03-26 07:06:54', '2022-03-26 07:06:54'),
(36, 'Arbce RAKKT 500ml', 'MV029', 'pcs', '2.000', '10.000', NULL, 'Acive', 4, 3, 5, 5, '2022-03-26 07:08:10', '2022-03-26 07:08:10'),
(37, 'UPLIVE FORTE 1L', 'MV031', 'pcs', '2.000', '10.000', NULL, 'Acive', 4, 3, 9, 9, '2022-03-26 07:09:06', '2022-03-26 07:09:06'),
(38, 'VITA MULTY VITA STRESS PLUS 1L', 'MV039', 'pcs', '2.000', '10.000', NULL, 'Acive', 4, 3, 10, 10, '2022-03-26 07:11:12', '2022-03-26 07:11:12'),
(39, 'VIT AMINO LEMONS 100ml', 'MV040', 'pcs', '2.000', '10.000', NULL, 'Acive', 4, 3, 11, 11, '2022-03-26 07:12:46', '2022-03-26 07:12:46'),
(40, 'AMINOVIT VMD 100g', 'MV042', 'pcs', '2.000', '10.000', NULL, 'Acive', 4, 4, 12, 12, '2022-03-26 07:19:57', '2022-03-26 07:19:57'),
(41, 'G PROMIN 100ml', 'MV046', 'pcs', '2.000', '10.000', NULL, 'Acive', 4, 3, 5, 5, '2022-03-26 07:20:51', '2022-03-26 07:20:51'),
(42, 'PIGEON PRO 50ml', 'MV047', 'pcs', '2.000', '10.000', NULL, 'Acive', 4, 3, 5, 5, '2022-03-26 07:21:40', '2022-03-26 07:21:40'),
(43, 'VITA MULTI VITA STRESS PLUS 100ml', 'MV061', 'pcs', '2.000', '10.000', NULL, 'Acive', 4, 3, 10, 10, '2022-03-26 07:22:50', '2022-03-26 07:22:50'),
(44, 'LIVER TONIC 200ml', 'MV062', 'pcs', '2.000', '10.000', NULL, 'Acive', 4, 3, 13, 13, '2022-03-26 07:24:07', '2022-03-26 07:24:07'),
(45, 'VIT SP TOTAL 1KG', 'MV064', 'pcs', '2.000', '10.000', NULL, 'Acive', 4, 4, 5, 5, '2022-03-26 07:25:06', '2022-03-26 07:25:06'),
(46, 'METHINOCHOL 1L', 'MV065', 'pcs', '2.000', '10.000', NULL, 'Acive', 4, 3, 3, 3, '2022-03-26 07:26:09', '2022-03-26 07:26:09'),
(47, 'AVI TONIC 50ml', 'MV066', 'pcs', '2.000', '10.000', NULL, 'Acive', 4, 3, 3, 3, '2022-03-26 07:26:53', '2022-03-26 07:26:53'),
(48, 'B COMPLEX 100g', 'VB004', 'pcs', '2.000', '10.000', NULL, 'Acive', 5, 6, 4, 4, '2022-03-26 07:27:40', '2022-03-26 07:29:17'),
(49, 'SELVIT E 1L', 'VE001', 'pcs', '2.000', '10.000', NULL, 'Acive', 6, 7, 3, 3, '2022-03-26 07:30:17', '2022-03-26 07:30:17'),
(50, 'INTROVIT ES 1L', 'VE003', 'pcs', '2.000', '10.000', NULL, 'Acive', 6, 7, 14, 14, '2022-03-26 07:31:48', '2022-03-26 07:31:48'),
(51, 'AQUA E 500ml', 'VE004', 'pcs', '2.000', '10.000', NULL, 'Acive', 6, 7, 4, 4, '2022-03-26 07:32:24', '2022-03-26 07:32:24'),
(52, 'SELVIT E 250ml', 'VE005', 'pcs', '2.000', '10.000', NULL, 'Acive', 6, 7, 3, 3, '2022-03-26 07:33:01', '2022-03-26 07:33:01'),
(53, 'SELVIT E 100ml', 'VE006', 'pcs', '2.000', '10.000', NULL, 'Acive', 6, 7, 3, 3, '2022-03-26 07:33:34', '2022-03-26 07:33:34'),
(54, 'SELVIT E 50ml', 'VE010', 'pcs', '2.000', '10.000', NULL, 'Acive', 6, 7, 3, 3, '2022-03-26 07:34:13', '2022-03-26 07:34:13'),
(55, 'CALDEVUM 100g', 'AB003', 'pcs', '2.000', '10.000', NULL, 'Acive', 7, 8, 15, 10, '2022-03-26 07:38:33', '2022-03-26 07:38:33'),
(56, 'CALDEVUM 10g', 'AB004', 'pcs', '2.000', '10.000', NULL, 'Acive', 7, 8, 15, 10, '2022-03-26 07:39:17', '2022-03-26 07:39:17'),
(57, 'VERMIXIL 1L', 'AB005', 'pcs', '2.000', '10.000', NULL, 'Acive', 7, 8, 3, 3, '2022-03-26 07:40:01', '2022-03-26 07:40:01'),
(58, 'VERMIXIL 200ml', 'AB006', 'pcs', '2.000', '10.000', NULL, 'Acive', 7, 8, 3, 3, '2022-03-26 07:40:39', '2022-03-26 07:40:39'),
(59, 'VERMIXIL 100ml', 'AB007', 'pcs', '2.000', '10.000', NULL, 'Acive', 7, 8, 3, 3, '2022-03-26 07:41:19', '2022-03-26 07:41:19'),
(60, 'VERMIXIL 20ml', 'AB008', 'pcs', '2.000', '10.000', NULL, 'Acive', 7, 8, 3, 3, '2022-03-26 07:41:54', '2022-03-26 07:41:54'),
(61, 'ALVERM 50g', 'AB010', 'pcs', '2.000', '10.000', NULL, 'Acive', 7, 8, 3, 3, '2022-03-26 07:43:41', '2022-03-26 07:43:41'),
(62, 'ALVERM 10g', 'AB011', 'pcs', '2.000', '10.000', NULL, 'Acive', 7, 8, 3, 3, '2022-03-26 07:44:27', '2022-03-26 07:44:27'),
(63, 'LEVERM 100g', 'LS002', 'pcs', '2.000', '10.000', NULL, 'Acive', 7, 9, 3, 3, '2022-03-26 07:45:49', '2022-03-26 07:45:49'),
(64, 'HELMASOL 100g', 'LS006', 'pcs', '2.000', '10.000', NULL, 'Acive', 7, 9, 4, 4, '2022-03-26 07:46:28', '2022-03-26 07:46:28'),
(65, 'HELMOSOL 10g', 'LS007', 'pcs', '2.000', '10.000', NULL, 'Acive', 7, 9, 4, 4, '2022-03-26 07:47:05', '2022-03-26 07:47:05'),
(66, 'DRONTAL PLUS 1TAB', 'PD001', 'pcs', '2.000', '10.000', NULL, 'Acive', 7, 10, 5, 5, '2022-03-26 07:48:23', '2022-03-26 07:48:23'),
(67, 'NICLOLIVA 2TAB', 'PD003', 'pcs', '2.000', '10.000', NULL, 'Acive', 7, 10, 1, 10, '2022-03-26 07:49:45', '2022-03-26 07:49:45'),
(68, 'PRAZIMAC D  2TAB', 'PD006', 'pcs', '2.000', '10.000', NULL, 'Acive', 7, 10, 3, 3, '2022-03-26 07:50:51', '2022-03-26 07:50:51'),
(69, 'UNIVERM TOTAL 1TAB', 'PD009', 'pcs', '2.000', '10.000', NULL, 'Acive', 7, 10, 12, 12, '2022-03-26 07:51:33', '2022-03-26 07:51:33'),
(70, 'NOWORM 1TAB', 'PD012', 'pcs', '2.000', '10.000', NULL, 'Acive', 7, 10, 3, 3, '2022-03-26 07:52:14', '2022-03-26 07:52:14'),
(71, 'DRONTAL PLUS 2TAB', 'PD011', 'pcs', '2.000', '10.000', NULL, 'Acive', 7, 10, 5, 5, '2022-03-26 07:52:51', '2022-03-26 07:52:51'),
(72, 'NEGASANT 40g', 'WH004', 'pcs', '2.000', '10.000', NULL, 'Acive', 8, 12, 5, 5, '2022-03-26 07:55:34', '2022-03-26 07:55:34'),
(73, 'REGEN 40g', 'WH006', 'pcs', '2.000', '10.000', NULL, 'Acive', 8, 12, 3, 3, '2022-03-26 07:56:20', '2022-03-26 07:56:20'),
(74, 'SCAVON 50g', 'WH008', 'pcs', '2.000', '10.000', NULL, 'Acive', 8, 13, 12, 12, '2022-03-26 07:57:14', '2022-03-26 07:57:14'),
(75, 'INFLAMIN 50g', 'WH009', 'pcs', '2.000', '10.000', NULL, 'Acive', 8, 13, 12, 12, '2022-03-26 07:58:00', '2022-03-26 07:58:00'),
(76, 'ORONDO 250ml', 'WS002', 'pcs', '2.000', '10.000', NULL, 'Acive', 8, 11, 3, 3, '2022-03-26 07:58:41', '2022-03-26 07:58:41'),
(77, 'DERMA SPRAY 200ml', 'WS003', 'pcs', '2.000', '10.000', NULL, 'Acive', 8, 11, 16, 15, '2022-03-26 08:00:29', '2022-03-26 08:00:29'),
(78, 'NOMAC 100ml', 'WS004', 'pcs', '2.000', '10.000', NULL, 'Acive', 8, 11, 1, 1, '2022-03-26 08:01:09', '2022-03-26 08:01:09'),
(79, 'REMADIUM 100ml', 'WS007', 'pcs', '2.000', '10.000', NULL, 'Acive', 8, 11, 2, 2, '2022-03-26 08:02:12', '2022-03-26 08:02:12'),
(80, 'GREEN X 100ml', 'WS012', 'pcs', '2.000', '10.000', NULL, 'Acive', 8, 11, 4, 4, '2022-03-26 08:03:24', '2022-03-26 08:03:24'),
(81, 'EUKANUBA 1KG', 'PF006', 'pcs', '2.000', '10.000', NULL, 'Acive', 9, 14, 17, 16, '2022-03-26 08:06:21', '2022-03-26 08:06:21'),
(82, 'CLASSIC PET  ADULT 500g', 'PF004', 'pcs', '2.000', '10.000', NULL, 'Acive', 9, 15, 18, 17, '2022-03-26 08:09:43', '2022-03-26 08:09:43'),
(83, 'DROOLS PUPPY 400g', 'PF010', 'pcs', '2.000', '10.000', NULL, 'Acive', 9, 14, 9, 9, '2022-03-26 08:10:53', '2022-03-26 08:10:53'),
(84, 'DROOLS PUPPY 3KG', 'PF011', 'pcs', '2.000', '10.000', NULL, 'Acive', 9, 14, 9, 9, '2022-03-26 08:11:39', '2022-03-26 08:11:39'),
(85, 'BONES UP 200g', 'PV003', 'pcs', '2.000', '10.000', NULL, 'Acive', 10, 18, 19, 18, '2022-03-26 08:13:55', '2022-03-30 10:30:05'),
(86, 'RED DOG 200ml', 'PV004', 'pcs', '2.000', '10.000', NULL, 'Acive', 10, 17, 19, 18, '2022-03-26 08:14:29', '2022-03-26 08:14:29'),
(87, 'ORCALMIN 200ml', 'PV006', 'pcs', '2.000', '10.000', NULL, 'Acive', 10, 17, 5, 5, '2022-03-26 08:15:10', '2022-03-26 08:15:10'),
(88, 'CANNY B&E TAB 60', 'PV007', 'pcs', '2.000', '10.000', NULL, 'Acive', 10, 19, 3, 3, '2022-03-26 08:15:55', '2022-03-29 13:12:22'),
(89, 'CANNY BREW TAB', 'PV008', 'pcs', '2.000', '10.000', NULL, 'Acive', 10, 19, 3, 3, '2022-03-26 08:16:40', '2022-03-26 08:16:40'),
(90, 'PETVIT 200ml', 'PV010', 'pcs', '2.000', '10.000', NULL, 'Acive', 10, 17, 5, 5, '2022-03-26 08:17:21', '2022-03-26 08:17:21'),
(91, 'VEROL 200ml', 'PV011', 'pcs', '2.000', '10.000', NULL, 'Acive', 10, 17, 20, 19, '2022-03-26 08:18:36', '2022-03-26 08:18:36'),
(92, 'QUADRA COAT 150ml', 'PV014', 'pcs', '2.000', '10.000', NULL, 'Acive', 10, 19, 20, 19, '2022-03-26 08:19:21', '2022-03-26 08:19:21'),
(93, 'CANNY BOOST', 'PV018', 'pcs', '2.000', '10.000', NULL, 'Acive', 10, 18, 3, 3, '2022-03-26 08:19:59', '2022-03-26 08:19:59'),
(94, 'SANAL PUPPY 75g', 'PV022', 'pcs', '2.000', '10.000', NULL, 'Acive', 10, 19, 12, 12, '2022-03-26 08:20:45', '2022-03-26 08:20:45'),
(95, 'SANAL YEAST CAL 75g', 'PV023', 'pcs', '2.000', '10.000', NULL, 'Acive', 10, 19, 12, 12, '2022-03-26 08:21:33', '2022-03-26 08:21:33'),
(96, 'PET GLOW 200ml', 'PV025', 'pcs', '2.000', '10.000', NULL, 'Acive', 10, 17, 21, 20, '2022-03-26 08:22:45', '2022-03-26 08:22:45'),
(97, 'Arbc PET 200ml', 'PV026', 'pcs', '2.000', '10.000', NULL, 'Acive', 10, 17, 5, 5, '2022-03-26 08:23:40', '2022-03-26 08:23:40'),
(98, 'DIGYTON 30ml', 'PV027', 'pcs', '2.000', '10.000', NULL, 'Acive', 10, 17, 12, 12, '2022-03-26 08:24:23', '2022-03-26 08:24:23'),
(99, 'CANNY B&E 90S', 'PV028', 'pcs', '2.000', '10.000', NULL, 'Acive', 10, 19, 3, 3, '2022-03-26 08:25:16', '2022-03-26 08:25:16'),
(100, 'NUTRICOAT 200ml', 'PV029', 'pcs', '2.000', '10.000', NULL, 'Acive', 10, 17, 5, 5, '2022-03-26 08:25:58', '2022-03-26 08:25:58'),
(101, 'SANAL CAL  PLUS 200g', 'PV030', 'pcs', '2.000', '10.000', NULL, 'Acive', 10, 19, 12, 12, '2022-03-26 08:26:44', '2022-03-26 08:26:44'),
(102, 'SANAL BIOTINE 150g', 'PV031', 'pcs', '2.000', '10.000', NULL, 'Acive', 10, 19, 12, 12, '2022-03-26 08:27:28', '2022-03-26 08:27:28'),
(103, 'NUTRI-COAT AD 200g', 'PV033', 'pcs', '2.000', '10.000', NULL, 'Acive', 10, 17, 5, 5, '2022-03-26 08:28:24', '2022-03-26 08:28:24'),
(104, 'CALBONEZ 200ml', 'PV034', 'pcs', '2.000', '10.000', NULL, 'Acive', 10, 17, 21, 20, '2022-03-26 08:35:20', '2022-03-26 08:35:20'),
(105, 'STRESS TAB 1TAB', 'PV002', 'pcs', '2.000', '10.000', NULL, 'Acive', 10, 19, 15, 10, '2022-03-26 08:36:52', '2022-03-26 08:36:52'),
(106, 'PET BITS 1TAB', 'PV001', 'pcs', '2.000', '10.000', NULL, 'Acive', 10, 19, 15, 10, '2022-03-26 08:37:57', '2022-03-26 08:37:57'),
(107, 'MERICAL PET', 'PV032', 'pcs', '2.000', '10.000', NULL, 'Acive', 10, 19, 5, 5, '2022-03-26 08:38:57', '2022-03-26 08:38:57'),
(108, 'VI-SORBITS', 'PV037', 'pcs', '2.000', '10.000', NULL, 'Acive', 10, 19, 15, 10, '2022-03-26 08:40:42', '2022-03-26 08:40:42'),
(109, 'CALDIPET 500ml', 'PV036', 'pcs', '2.000', '10.000', NULL, 'Acive', 10, 17, 20, 19, '2022-03-26 08:41:57', '2022-03-26 08:41:57'),
(110, 'BEYTICOL FOURON', 'EP001', 'pcs', '2.000', '10.000', NULL, 'Acive', 11, 22, 5, 5, '2022-03-26 08:44:55', '2022-03-26 08:44:55'),
(111, 'ANTICK 10ml', 'EP002', 'pcs', '2.000', '10.000', NULL, 'Acive', 11, 20, 5, 5, '2022-03-26 08:45:40', '2022-03-26 08:45:40'),
(112, 'TICKAMIT 10ml', 'EP003', 'pcs', '2.000', '10.000', NULL, 'Acive', 11, 20, 5, 5, '2022-03-26 08:46:35', '2022-03-26 08:46:35'),
(113, 'TIXFREE 2-10', 'EP006', 'pcs', '2.000', '10.000', NULL, 'Acive', 11, 20, 18, 17, '2022-03-26 08:47:44', '2022-03-26 08:48:59'),
(114, 'TIXFREE 10-20', 'EP007', 'pcs', '2.000', '10.000', NULL, 'Acive', 11, 20, 18, 17, '2022-03-26 08:49:48', '2022-03-26 08:49:48'),
(115, 'TIXFREE 20-40', 'EP008', 'pcs', '2.000', '10.000', NULL, 'Acive', 11, 20, 18, 17, '2022-03-26 08:57:10', '2022-03-26 08:57:10'),
(116, 'TIXFREE (>40)', 'EP009', 'pcs', '2.000', '10.000', NULL, 'Acive', 11, 20, 18, 17, '2022-03-26 08:58:03', '2022-03-26 08:58:03'),
(117, 'ANIMAL LOTION 200ml', 'EP013', 'pcs', '2.000', '10.000', NULL, 'Acive', 11, 20, 22, 21, '2022-03-26 08:59:55', '2022-03-26 08:59:55'),
(118, 'DELZ 10ml', 'EP016', 'pcs', '2.000', '10.000', NULL, 'Acive', 11, 20, 3, 3, '2022-03-26 09:00:47', '2022-03-26 09:00:47'),
(119, 'AWARD 10ml', 'EP017', 'pcs', '2.000', '10.000', NULL, 'Acive', 11, 20, 3, 3, '2022-03-26 09:01:26', '2022-03-26 09:01:26'),
(120, 'PETSHINE SHAMPOO', 'EP019', 'pcs', '2.000', '10.000', NULL, 'Acive', 11, 20, 23, 22, '2022-03-26 09:04:42', '2022-03-26 09:04:42'),
(121, 'NEXTGUARD 10-25', 'EP020', 'pcs', '2.000', '10.000', NULL, 'Acive', 11, 23, 20, 19, '2022-03-26 09:06:44', '2022-03-26 09:06:44'),
(122, 'NEXTGUARD 4-10', 'EP021', 'pcs', '2.000', '10.000', NULL, 'Acive', 11, 23, 20, 19, '2022-03-26 09:07:23', '2022-03-26 09:07:23'),
(123, 'NEXTGUARD 25-50', 'EP023', 'pcs', '2.000', '10.000', NULL, 'Acive', 11, 23, 20, 19, '2022-03-26 09:07:58', '2022-03-26 09:07:58'),
(124, 'NILMANGE LO 30g', 'EP038', 'pcs', '2.000', '10.000', NULL, 'Acive', 11, 22, 24, 23, '2022-03-26 09:11:51', '2022-03-26 09:11:51'),
(125, 'BIOSIL 100ml', 'DI002', 'pcs', '2.000', '10.000', NULL, 'Acive', 12, 26, 25, 24, '2022-03-26 09:14:38', '2022-03-26 09:14:38'),
(126, 'VIROCID 1L', 'DI004', 'pcs', '2.000', '10.000', NULL, 'Acive', 12, 26, 5, 5, '2022-03-26 09:15:23', '2022-03-26 09:15:23'),
(127, 'VIREX 1KG', 'DI005', 'pcs', '2.000', '10.000', NULL, 'Acive', 12, 24, 3, 3, '2022-03-26 09:15:56', '2022-03-26 09:15:56'),
(128, 'VIREX 250g', 'DI006', 'pcs', '2.000', '10.000', NULL, 'Acive', 12, 24, 3, 3, '2022-03-26 09:16:34', '2022-03-26 09:16:34'),
(129, 'VIREX 100g', 'DI007', 'pcs', '2.000', '10.000', NULL, 'Acive', 12, 24, 3, 3, '2022-03-26 09:17:04', '2022-03-26 09:17:04'),
(130, 'VIROCID 100ml', 'DI008', 'pcs', '2.000', '10.000', NULL, 'Acive', 12, 26, 3, 3, '2022-03-26 09:17:41', '2022-03-26 09:17:41'),
(131, 'TETRA LA 100ml', 'IJ002', 'pcs', '2.000', '10.000', NULL, 'Acive', 13, 27, 6, 6, '2022-03-26 09:19:01', '2022-03-26 09:19:01'),
(132, 'LIMOXIN 100ml', 'IJ004', 'pcs', '2.000', '10.000', NULL, 'Acive', 13, 27, 14, 14, '2022-03-26 09:19:39', '2022-03-26 09:19:39'),
(133, 'VETOCYCLIN 20% 50ml', 'IJ005', 'pcs', '2.000', '10.000', NULL, 'Acive', 13, 27, 5, 5, '2022-03-26 09:20:56', '2022-03-26 09:20:56'),
(134, 'VITOCYCLEN 5% 50ml', 'LJ006', 'pcs', '2.000', '10.000', NULL, 'Acive', 13, 27, 5, 5, '2022-03-26 09:21:42', '2022-03-26 09:21:42'),
(135, 'JUNYENRO LA 100ml', 'IJ007', 'pcs', '2.000', '10.000', NULL, 'Acive', 13, 27, 26, 25, '2022-03-26 09:23:10', '2022-03-26 09:23:54'),
(136, 'HANPROCILLIN 100ml', 'IJ010', 'pcs', '2.000', '10.000', NULL, 'Acive', 13, 27, 16, 15, '2022-03-26 09:24:50', '2022-03-26 09:24:50'),
(137, 'BIOCILLIN LA 100ml', 'IJ012', 'pcs', '2.000', '10.000', NULL, 'Acive', 13, 27, 14, 14, '2022-03-26 09:25:38', '2022-03-26 09:25:38'),
(138, 'HEFROTRIM 100ml', 'IJ013', 'pcs', '2.000', '10.000', NULL, 'Acive', 13, 27, 11, 11, '2022-03-26 09:26:30', '2022-03-26 09:26:30'),
(139, 'HANPISEPTOL 100ml', 'IJ015', 'pcs', '2.000', '10.000', NULL, 'Acive', 13, 27, 16, 15, '2022-03-26 09:29:07', '2022-03-26 09:29:07'),
(140, 'HETDAU 100ml', 'IJ017', 'pcs', '2.000', '10.000', NULL, 'Acive', 13, 27, 16, 15, '2022-03-26 09:29:45', '2022-03-26 09:29:45'),
(141, 'TRYSAFE 50ml', 'IJ020', 'pcs', '2.000', '10.000', NULL, 'Acive', 13, 27, 26, 25, '2022-03-26 09:30:30', '2022-03-26 09:30:30'),
(142, 'SAFEVIL 100ml', 'IJ021', 'pcs', '2.000', '10.000', NULL, 'Acive', 13, 27, 26, 25, '2022-03-26 09:31:25', '2022-03-26 09:31:25'),
(143, 'INTERMECTIN 50ml', 'IJ025', 'pcs', '2.000', '10.000', NULL, 'Acive', 13, 27, 14, 14, '2022-03-26 09:32:20', '2022-03-26 09:32:20'),
(144, 'VITAMIN AD3 100ml', 'IJ026', 'pcs', '2.000', '10.000', NULL, 'Acive', 13, 27, 3, 3, '2022-03-26 09:33:43', '2022-03-26 09:33:43'),
(145, 'CATOSAL 30ml', 'IJ028', 'pcs', '2.000', '10.000', NULL, 'Acive', 13, 27, 5, 5, '2022-03-26 09:34:21', '2022-03-26 09:34:21'),
(146, 'BOISELVIT E 100ml', 'IJ031', 'pcs', '2.000', '10.000', NULL, 'Acive', 13, 27, 6, 6, '2022-03-26 09:35:13', '2022-03-26 09:35:13'),
(147, 'DAXAVETO 100ml', 'IJ033', 'pcs', '2.000', '10.000', NULL, 'Acive', 13, 27, 12, 12, '2022-03-26 09:36:35', '2022-03-26 09:36:35'),
(148, 'OXYTICINE 50ml', 'IJ038', 'pcs', '2.000', '10.000', NULL, 'Acive', 13, 27, 16, 15, '2022-03-26 09:37:15', '2022-03-26 09:37:15'),
(149, 'VITAMAX 100ml', 'IJ042', 'pcs', '2.000', '10.000', NULL, 'Acive', 13, 27, 27, 26, '2022-03-26 09:38:57', '2022-03-26 09:38:57'),
(150, 'TYLOVET B 100ml', 'IJ046', 'pcs', '2.000', '10.000', NULL, 'Acive', 13, 27, 3, 3, '2022-03-26 09:39:44', '2022-03-26 09:39:44'),
(151, 'DEXA 100ml', 'IJ050', 'pcs', '2.000', '10.000', NULL, 'Acive', 13, 27, 2, 2, '2022-03-26 09:40:44', '2022-03-26 09:40:44'),
(152, 'VIMENRO 100ml', 'IJ055', 'pcs', '2.000', '10.000', NULL, 'Acive', 13, 27, 2, 2, '2022-03-26 09:41:35', '2022-03-26 09:41:35'),
(153, 'FE DEXTRAN B12 10%', 'IJ070', 'pcs', '2.000', '10.000', NULL, 'Acive', 13, 27, 16, 15, '2022-03-26 09:42:24', '2022-03-26 09:42:24'),
(154, 'LEVOZAN PLUS 1L', 'LD001', 'pcs', '2.000', '10.000', NULL, 'Acive', 14, 28, 27, 26, '2022-03-26 09:48:09', '2022-03-26 09:48:09'),
(155, 'ALZOL 1500mg', 'ID013', 'pcs', '2.000', '10.000', NULL, 'Acive', 14, 28, 5, 5, '2022-03-26 09:49:13', '2022-03-26 09:49:13'),
(156, 'WOKAZAN 2400mg', 'LD014', 'pcs', '2.000', '10.000', NULL, 'Acive', 14, 28, 5, 5, '2022-03-26 09:50:20', '2022-03-26 09:50:20'),
(157, 'ANALAGON 600mg', 'LD015', 'pcs', '2.000', '10.000', NULL, 'Acive', 14, 28, 5, 5, '2022-03-26 09:51:00', '2022-03-26 09:51:00'),
(158, 'ANALAGON 150mg', 'LD016', 'pcs', '2.000', '10.000', NULL, 'Acive', 14, 28, 5, 5, '2022-03-26 09:51:47', '2022-03-26 09:51:47'),
(159, 'ANALAGON 300mg', 'LD017', 'pcs', '2.000', '10.000', NULL, 'Acive', 14, 28, 5, 5, '2022-03-26 09:52:19', '2022-03-26 09:52:19'),
(160, 'LEVERM 300mg', 'LD020', 'pcs', '2.000', '10.000', NULL, 'Acive', 14, 28, 3, 3, '2022-03-26 09:53:19', '2022-03-26 09:53:19'),
(161, 'ALVERM 600mg', 'LD021', 'pcs', '2.000', '10.000', NULL, 'Acive', 14, 28, 3, 3, '2022-03-26 09:54:03', '2022-03-26 09:54:03'),
(162, 'ALVERM 300mg', 'LD022', 'pcs', '2.000', '10.000', NULL, 'Acive', 14, 28, 3, 3, '2022-03-26 09:54:37', '2022-03-26 09:54:37'),
(163, 'ABANTEL 250mg', 'LD023', 'pcs', '2.000', '10.000', NULL, 'Acive', 14, 28, 3, 3, '2022-03-26 09:55:20', '2022-03-26 09:55:20'),
(164, 'GARD 15ml', 'LD003', 'pcs', '2.000', '10.000', NULL, 'Acive', 14, 29, 3, 3, '2022-03-26 09:56:03', '2022-03-26 09:56:03'),
(165, 'INTERZAN 40ml', 'LD006', 'pcs', '2.000', '10.000', NULL, 'Acive', 14, 29, 14, 14, '2022-03-26 09:56:35', '2022-03-26 09:56:35'),
(166, 'LEVERM 600mg', 'LD018', 'pcs', '2.000', '10.000', NULL, 'Acive', 14, 28, 3, 3, '2022-03-26 09:57:09', '2022-03-26 09:57:09'),
(167, 'MASTIJET', 'UI001', 'pcs', '2.000', '10.000', NULL, 'Acive', 15, 30, 17, 16, '2022-03-26 09:58:45', '2022-03-26 09:58:45'),
(168, 'ANTIMASTITIES-A', 'UI002', 'pcs', '2.000', '10.000', NULL, 'Acive', 15, 30, 3, 3, '2022-03-26 09:59:51', '2022-03-26 09:59:51'),
(169, 'ANTIMASTITIES-S', 'UI003', 'pcs', '2.000', '10.000', NULL, 'Acive', 15, 30, 3, 3, '2022-03-26 10:00:40', '2022-03-26 10:00:40'),
(170, 'UBROLEXIN 100g', 'UI004', 'pcs', '2.000', '10.000', NULL, 'Acive', 15, 30, 5, 5, '2022-03-26 10:01:36', '2022-03-26 10:01:36'),
(171, 'COXID 500g', 'AC007', 'pcs', '2.000', '10.000', NULL, 'Acive', 16, 31, 20, 19, '2022-03-26 10:02:59', '2022-03-26 10:02:59'),
(172, 'COXID 125g', 'AC008', 'pcs', '2.000', '10.000', NULL, 'Acive', 16, 31, 20, 19, '2022-03-26 10:03:47', '2022-03-26 10:03:47'),
(173, 'TREZURIL 100ml', 'AC010', 'pcs', '2.000', '10.000', NULL, 'Acive', 16, 32, 3, 3, '2022-03-26 10:04:50', '2022-03-26 10:04:50'),
(174, 'GLUCOVET 100g', 'DT002', 'pcs', '2.000', '10.000', NULL, 'Acive', 17, 33, 4, 4, '2022-03-26 10:06:12', '2022-03-26 10:06:12'),
(175, 'GLOCOFARM 100g', 'DT003', 'pcs', '2.000', '10.000', NULL, 'Acive', 17, 33, 3, 3, '2022-03-26 10:06:50', '2022-03-26 10:06:50'),
(176, 'DOR AMOXI 100g', 'AM007', 'pcs', '2.000', '10.000', NULL, 'Acive', 18, 34, 20, 19, '2022-03-26 12:01:19', '2022-03-26 12:01:19'),
(177, 'RHEMOX 100g', 'AM011', 'pcs', '2.000', '10.000', NULL, 'Acive', 18, 34, 3, 3, '2022-03-26 12:02:02', '2022-03-26 12:02:02'),
(178, 'NEODOX 50g', 'DC004', 'pcs', '2.000', '10.000', NULL, 'Acive', 18, 34, 5, 5, '2022-03-26 12:02:50', '2022-03-26 12:02:50'),
(179, 'NEODOX 250g', 'DC005', 'pcs', '2.000', '10.000', NULL, 'Acive', 18, 34, 5, 5, '2022-03-26 12:03:46', '2022-03-26 12:03:46'),
(182, 'C TETRA 100g', 'CT001', 'pcs', '2.000', '10.000', NULL, 'Acive', 18, 34, 4, 4, '2022-03-26 12:04:17', '2022-03-26 12:04:17'),
(183, 'DOXYVETO 100g', 'DC002', 'pcs', '2.000', '10.000', NULL, 'Acive', 18, 34, 12, 12, '2022-03-26 12:04:50', '2022-03-26 12:04:50'),
(184, 'DOXYNEO 25g', 'DC010', 'pcs', '2.000', '10.000', NULL, 'Acive', 18, 34, 3, 3, '2022-03-26 12:05:24', '2022-03-26 12:05:24'),
(185, 'DOXYNEO 100g', 'DC011', 'pcs', '2.000', '10.000', NULL, 'Acive', 18, 34, 3, 3, '2022-03-26 12:05:56', '2022-03-26 12:05:56'),
(186, 'AVI POLLODOXIN 10ml', 'DC014', 'pcs', '2.000', '10.000', NULL, 'Acive', 18, 35, 3, 3, '2022-03-26 12:06:52', '2022-03-26 12:06:52'),
(187, 'GANADEXIL 1L', 'EF004', 'pcs', '2.000', '10.000', NULL, 'Acive', 18, 35, 3, 3, '2022-03-26 12:07:28', '2022-03-26 12:07:28'),
(188, 'AVIFLOXIN 100ml', 'EF006', 'pcs', '2.000', '10.000', NULL, 'Acive', 18, 35, 20, 19, '2022-03-26 12:08:10', '2022-03-26 12:08:10'),
(189, 'GNADEXIL 100ml', 'EF009', 'pcs', '2.000', '10.000', NULL, 'Acive', 18, 35, 3, 3, '2022-03-26 12:08:41', '2022-03-26 12:08:41'),
(190, 'AVIFLOXIN 30ml', 'EF014', 'pcs', '2.000', '10.000', NULL, 'Acive', 18, 35, 20, 19, '2022-03-26 12:09:16', '2022-03-26 12:09:16'),
(191, 'GANADEXIL 25ml', 'EF015', 'pcs', '2.000', '10.000', NULL, 'Acive', 18, 35, 3, 3, '2022-03-26 12:09:45', '2022-03-26 12:09:45'),
(192, 'GANADEXIL 10ml', 'EF016', 'pcs', '2.000', '16.000', NULL, 'Acive', 18, 35, 3, 3, '2022-03-26 12:10:20', '2022-03-26 12:10:20'),
(193, 'ENROCARE 1L', 'EF018', 'pcs', '2.000', '10.000', NULL, 'Acive', 18, 35, 5, 5, '2022-03-26 12:10:54', '2022-03-26 12:10:54'),
(194, 'AVIGANADEXIL 10ml', 'EF019', 'pcs', '2.000', '10.000', NULL, 'Acive', 18, 35, 3, 3, '2022-03-26 12:11:34', '2022-03-26 12:11:34'),
(195, 'TICK KILLER 150ml', 'PS002', 'pcs', '2.000', '10.000', NULL, 'Acive', 19, 37, 22, 21, '2022-03-26 12:23:02', '2022-03-26 12:23:02'),
(196, 'TICK OUT 100ml', 'PS003', 'pcs', '2.000', '10.000', NULL, 'Acive', 19, 37, 2, 2, '2022-03-26 12:23:38', '2022-03-26 12:23:38'),
(197, 'SEBO RID 100ml', 'PS004', 'pcs', '2.000', '10.000', NULL, 'Acive', 19, 37, 2, 2, '2022-03-26 12:24:27', '2022-03-26 12:24:27'),
(198, 'TICK OUT', 'PS005', 'pcs', '2.000', '10.000', NULL, 'Acive', 19, 36, 2, 2, '2022-03-26 12:25:06', '2022-03-26 12:25:06'),
(199, 'TICK & FREE 200ml', 'PS006', 'pcs', '2.000', '10.000', NULL, 'Acive', 19, 37, 28, 27, '2022-03-26 12:26:15', '2022-03-26 12:26:15'),
(200, 'TOP DOG HERBAL', 'PS007', 'pcs', '2.000', '10.000', NULL, 'Acive', 19, 36, 15, 10, '2022-03-26 12:27:09', '2022-03-26 12:27:09'),
(201, 'TOP DOG MEDICATED', 'PS008', 'pcs', '2.000', '10.000', NULL, 'Acive', 19, 36, 15, 10, '2022-03-26 12:27:51', '2022-03-26 12:27:51'),
(202, 'ANTIFUNGLE  & MANGE', 'PS014', 'pcs', '2.000', '10.000', NULL, 'Acive', 19, 37, 22, 21, '2022-03-26 12:30:43', '2022-03-26 12:30:43'),
(203, 'PUPPY HERBLE 100ml', 'PS019', 'pcs', '2.000', '10.000', NULL, 'Acive', 19, 37, 14, 13, '2022-03-26 12:31:32', '2022-03-26 12:31:32'),
(204, 'DORA ANTI FUNGLE', 'PS020', 'pcs', '2.000', '10.000', NULL, 'Acive', 19, 37, 13, 13, '2022-03-26 12:34:14', '2022-03-26 12:34:14'),
(205, 'NILMANGE SHAMPOO 100ml', 'PS021', 'pcs', '2.000', '10.000', NULL, 'Acive', 19, 37, 22, 21, '2022-03-26 12:35:25', '2022-03-26 12:35:25'),
(206, 'TRIMETHO SULFER 1L', 'SD001', 'pcs', '2.000', '10.000', NULL, 'Acive', 18, 35, 3, 3, '2022-03-26 12:36:29', '2022-03-26 12:36:29'),
(207, 'TRIMETHO SULFER 250ml', 'SD002', 'pcs', '2.000', '10.000', NULL, 'Acive', 18, 35, 3, 3, '2022-03-26 12:37:17', '2022-03-26 12:37:17'),
(208, 'TRIMETHO SULFER 50ml', 'SD003', 'pcs', '2.000', '10.000', NULL, 'Acive', 18, 35, 3, 3, '2022-03-26 12:38:00', '2022-03-26 12:38:00'),
(209, 'SULPRIM 200ml', 'SD004', 'pcs', '2.000', '10.000', NULL, 'Acive', 18, 35, 20, 19, '2022-03-26 12:38:37', '2022-03-26 12:39:26'),
(210, 'SULPRIM 50ml', 'SD005', 'pcs', '2.000', '10.000', NULL, 'Acive', 18, 35, 20, 19, '2022-03-26 12:40:12', '2022-03-26 12:40:12'),
(211, 'DIAZIPRIM 1KG', 'SD006', 'pcs', '2.000', '10.000', NULL, 'Acive', 18, 34, 12, 12, '2022-03-26 12:45:51', '2022-03-26 12:45:51'),
(212, 'DIAZIPRIM 100g', 'SD007', 'pcs', '2.000', '10.000', NULL, 'Acive', 18, 34, 12, 12, '2022-03-26 12:46:36', '2022-03-26 12:46:36'),
(213, 'SUTRIMIX 100g', 'SD011', 'pcs', '2.000', '10.000', NULL, 'Acive', 18, 34, 17, 16, '2022-03-26 12:47:26', '2022-03-26 12:47:26'),
(214, 'SOLBAC 50g', 'SD012', 'pcs', '2.000', '10.000', NULL, 'Acive', 18, 34, 5, 5, '2022-03-26 12:48:07', '2022-03-26 12:48:07'),
(215, 'AVITRYMETHO SULFAR 10ml', 'SD017', 'pcs', '2.000', '10.000', NULL, 'Acive', 18, 35, 3, 3, '2022-03-26 12:51:23', '2022-03-26 12:51:23'),
(216, 'PHARMASIN 100g', 'TT002', 'pcs', '2.000', '10.000', NULL, 'Acive', 18, 34, 3, 3, '2022-03-26 12:52:42', '2022-03-26 12:52:42'),
(217, 'MYCISIN 25g', 'TT007', 'pcs', '2.000', '10.000', NULL, 'Acive', 18, 34, 3, 3, '2022-03-26 12:54:04', '2022-03-26 12:54:04'),
(218, 'MYCOSIN 100g', 'TT008', 'pcs', '2.000', '10.000', NULL, 'Acive', 18, 34, 3, 3, '2022-03-26 12:54:44', '2022-03-26 12:54:44'),
(219, 'MYCOSIN 500g', 'TT009', 'pcs', '2.000', '10.000', NULL, 'Acive', 18, 34, 3, 3, '2022-03-26 12:55:16', '2022-03-26 12:55:16'),
(220, 'CHEW BONE S', 'PA001', 'pcs', '2.000', '10.000', NULL, 'Acive', 20, 38, 25, 24, '2022-03-29 04:10:06', '2022-03-29 04:10:06'),
(221, 'CHEW BONE M', 'PA002', 'pcs', '2.000', '10.000', NULL, 'Acive', 20, 38, 25, 24, '2022-03-29 04:11:37', '2022-03-29 04:11:37'),
(222, 'FEEDING BOWL - SILVER', 'PA010', 'pcs', '2.000', '10.000', NULL, 'Acive', 20, 45, 25, 24, '2022-03-29 04:17:29', '2022-03-29 04:17:29'),
(223, 'FEEDING BOWL- COLOUR', 'PA011', 'pcs', '2.000', '10.000', NULL, 'Acive', 20, 45, 25, 24, '2022-03-29 04:18:34', '2022-03-29 04:18:34'),
(224, 'PET MEDICINE KIT', 'PA012', 'pcs', '2.000', '10.000', NULL, 'Acive', 20, 45, 25, 24, '2022-03-29 04:20:07', '2022-03-29 04:20:07'),
(225, 'DOG MUZZEL M', 'PA013', 'pcs', '2.000', '10.000', NULL, 'Acive', 20, 44, 25, 24, '2022-03-29 04:21:31', '2022-03-29 04:21:31'),
(226, 'DOG MUZZEL L', 'PA014', 'pcs', '2.000', '10.000', NULL, 'Acive', 20, 44, 25, 24, '2022-03-29 04:22:23', '2022-03-29 04:22:23'),
(227, 'DOG MUZZLE XL', 'PA015', 'pcs', '2.000', '10.000', NULL, 'Acive', 20, 44, 25, 24, '2022-03-29 04:23:17', '2022-03-29 04:23:17'),
(228, 'DOG MUZZLE XXL', 'PA016', 'pcs', '2.000', '10.000', NULL, 'Acive', 20, 44, 25, 24, '2022-03-29 04:24:14', '2022-03-29 04:24:14'),
(229, 'PET NAIL CLIPPER', 'PA017', 'pcs', '2.000', '10.000', NULL, 'Acive', 20, 45, 25, 24, '2022-03-29 04:24:58', '2022-03-29 04:24:58'),
(230, 'COLLAR HIMA S', 'PA020', 'pcs', '2.000', '10.000', NULL, 'Acive', 20, 39, 29, 28, '2022-03-29 04:30:21', '2022-03-29 04:30:21'),
(231, 'COLLAR HIMA M', 'PA021', 'pcs', '2.000', '10.000', NULL, 'Acive', 20, 39, 29, 28, '2022-03-29 04:31:11', '2022-03-29 04:31:11'),
(232, 'COLLAR HIMA L', 'PA022', 'pcs', '2.000', '10.000', NULL, 'Acive', 20, 39, 29, 28, '2022-03-29 04:31:53', '2022-03-29 04:31:53'),
(233, 'COLLAR HIMA XL', 'PA023', 'pcs', '2.000', '10.000', NULL, 'Acive', 20, 39, 29, 28, '2022-03-29 04:32:57', '2022-03-29 04:32:57'),
(234, 'HARNESS HIMA S', 'PA024', 'pcs', '2.000', '10.000', NULL, 'Acive', 20, 41, 29, 28, '2022-03-29 04:33:43', '2022-03-29 04:33:43'),
(235, 'HARNESS HIMA M', 'PA025', 'pcs', '2.000', '10.000', NULL, 'Acive', 20, 41, 29, 28, '2022-03-29 04:34:29', '2022-03-29 04:34:29'),
(236, 'HARNESS HIMA L', 'PA026', 'pcs', '2.000', '10.000', NULL, 'Inacive', 20, 41, 29, 28, '2022-03-29 04:35:18', '2022-03-29 04:35:18'),
(237, 'HARNESS HIMA XL', 'PA027', 'pcs', '2.000', '10.000', NULL, 'Acive', 20, 41, 29, 28, '2022-03-29 04:35:57', '2022-03-29 04:35:57'),
(238, 'LEAD HIMA S', 'PA028', 'pcs', '2.000', '10.000', NULL, 'Acive', 20, 40, 29, 28, '2022-03-29 04:36:48', '2022-03-29 04:36:48'),
(239, 'LEAD HIMA M', 'PA029', 'pcs', '2.000', '10.000', NULL, 'Acive', 20, 40, 29, 28, '2022-03-29 04:37:47', '2022-03-29 04:37:47'),
(240, 'LEAD HIMA L', 'PA030', 'pcs', '2.000', '10.000', NULL, 'Acive', 20, 40, 29, 28, '2022-03-29 04:38:39', '2022-03-29 04:38:39'),
(241, 'LEAD HIMA XL', 'PA031', 'pcs', '2.000', '10.000', NULL, 'Acive', 20, 40, 29, 28, '2022-03-29 04:39:27', '2022-03-29 04:39:27'),
(242, 'PET COLLAR MACKEY', 'PA042', 'pcs', '2.000', '10.000', NULL, 'Acive', 20, 39, 30, 29, '2022-03-29 04:40:50', '2022-03-29 04:43:27'),
(243, 'RAINBOW COLLAR', 'PA047', 'pcs', '2.000', '10.000', NULL, 'Acive', 20, 39, 25, 24, '2022-03-29 04:45:05', '2022-03-29 04:45:05'),
(244, '3/4 BLACK BELT', 'PA055', 'pcs', '2.000', '10.000', NULL, 'Acive', 20, 39, 25, 24, '2022-03-29 04:47:11', '2022-03-29 04:47:11'),
(245, 'NET MUZZEL L', 'PA072', 'pcs', '2.000', '10.000', NULL, 'Acive', 20, 44, 31, 30, '2022-03-29 04:50:23', '2022-03-29 04:50:23'),
(246, 'NET MUZZEL S', 'PA073', 'pcs', '2.000', '10.000', NULL, 'Acive', 20, 44, 31, 30, '2022-03-29 04:51:25', '2022-03-29 04:51:25'),
(247, 'NET MUZZEL XS', 'PA074', 'pcs', '2.000', '10.000', NULL, 'Acive', 20, 44, 31, 30, '2022-03-29 04:52:12', '2022-03-29 04:54:17'),
(248, 'NET MUZZEL M', 'PA075', 'pcs', '2.000', '10.000', NULL, 'Acive', 20, 44, 31, 30, '2022-03-29 04:52:59', '2022-03-29 04:52:59'),
(249, 'NET MUZZLE XL', 'PA077', 'pcs', '2.000', '10.000', NULL, 'Acive', 20, 44, 31, 30, '2022-03-29 04:55:18', '2022-03-29 04:55:18'),
(250, '3/4 RED BELT', 'PA079', 'pcs', '2.000', '10.000', NULL, 'Acive', 20, 39, 31, 30, '2022-03-29 04:56:19', '2022-03-29 04:56:19'),
(251, 'HEAVY CHAIN MACKEY', 'PA082', 'pcs', '2.000', '10.000', NULL, 'Acive', 20, 42, 30, 29, '2022-03-29 04:57:24', '2022-03-29 04:57:47'),
(252, '1\' BELT MACKEY', 'PA083', 'pcs', '2.000', '10.000', NULL, 'Acive', 20, 39, 30, 29, '2022-03-29 04:58:49', '2022-03-29 04:58:49'),
(253, 'HEAVY CHOKER BELT MACKEY', 'PA084', 'pcs', '2.000', '10.000', NULL, 'Acive', 20, 39, 30, 29, '2022-03-29 04:59:37', '2022-03-29 04:59:37'),
(254, 'POLICE DOG BELT MACKEY', 'PA085', 'pcs', '2.000', '10.000', NULL, 'Acive', 20, 39, 30, 29, '2022-03-29 05:00:28', '2022-03-29 05:00:28'),
(255, 'HEAVY HARNESS LEAD', 'PA086', 'pcs', '2.000', '10.000', NULL, 'Acive', 20, 41, 30, 29, '2022-03-29 05:01:41', '2022-03-29 05:01:41'),
(256, 'MEDIUM HEAVY CHOKER BELT', 'PA087', 'pcs', '2.000', '10.000', NULL, 'Acive', 20, 40, 30, 29, '2022-03-29 05:03:26', '2022-03-29 05:03:26'),
(257, 'INTERLIN HARNESS PUPPY MACKEY', 'PA088', 'pcs', '2.000', '10.000', NULL, 'Acive', 20, 41, 30, 29, '2022-03-29 05:04:53', '2022-03-29 05:04:53'),
(258, 'MEDIUM HARNESS CAMA MACKEY', 'PA089', 'pcs', '2.000', '10.000', NULL, 'Acive', 20, 41, 30, 29, '2022-03-29 05:06:00', '2022-03-29 05:06:00'),
(259, 'TWIST CHAIN MACKEY', 'PA090', 'pcs', '2.000', '10.000', NULL, 'Acive', 20, 42, 30, 29, '2022-03-29 05:06:52', '2022-03-29 05:06:52'),
(260, 'PUPPY HARNESS MACKEY', 'PA091', 'pcs', '2.000', '10.000', NULL, 'Acive', 20, 41, 30, 29, '2022-03-29 05:07:45', '2022-03-29 05:07:45'),
(261, 'PET COLLAR WITH BELL', 'PA092', 'pcs', '2.000', '10.000', NULL, 'Acive', 20, 39, 25, 24, '2022-03-29 05:08:40', '2022-03-29 05:08:40'),
(262, 'FEEDING BOWL -M', 'PA093', 'pcs', '2.000', '10.000', NULL, 'Acive', 20, 45, 25, 24, '2022-03-29 05:09:40', '2022-03-29 05:09:40'),
(263, 'SCOOPER - L', 'PA094', 'pcs', '2.000', '10.000', NULL, 'Acive', 20, 45, 25, 24, '2022-03-29 05:10:30', '2022-03-29 05:10:30'),
(264, 'SCOOPER -M', 'PA095', 'pcs', '2.000', '10.000', NULL, 'Acive', 20, 45, 25, 24, '2022-03-29 05:11:22', '2022-03-29 05:11:22'),
(265, 'PET MILK BOTTLE', 'PA096', 'pcs', '2.000', '10.000', NULL, 'Acive', 20, 45, 25, 24, '2022-03-29 05:12:23', '2022-03-29 05:12:23'),
(266, 'SCRATCH', 'PA097', 'pcs', '2.000', '10.000', NULL, 'Acive', 20, 45, 25, 24, '2022-03-29 05:13:22', '2022-03-29 05:13:22'),
(267, 'STEEL COMB', 'PA098', 'pcs', '2.000', '10.000', NULL, 'Acive', 20, 43, 25, 24, '2022-03-29 05:14:16', '2022-03-29 05:14:16'),
(268, 'PRT STICKER BRUSH - M', 'PA099', 'pcs', '2.000', '10.000', NULL, 'Acive', 20, 43, 25, 24, '2022-03-29 05:15:07', '2022-03-29 05:15:07'),
(269, 'PET STICKER BRUSH - L', 'PA100', 'pcs', '2.000', '10.000', NULL, 'Acive', 20, 43, 25, 24, '2022-03-29 05:16:02', '2022-03-29 05:16:02'),
(270, 'COMB MACKEY', 'PA101', 'pcs', '2.000', '10.000', NULL, 'Acive', 20, 43, 30, 29, '2022-03-29 05:16:56', '2022-03-29 05:16:56'),
(271, 'HEAVY HAIR COMB MACKEY', 'PA102', 'pcs', '2.000', '10.000', NULL, 'Acive', 20, 43, 30, 29, '2022-03-29 05:17:41', '2022-03-29 05:17:41'),
(272, '2.5MM CHAIN', 'PA049', 'pcs', '2.000', '10.000', NULL, 'Acive', 20, 42, 30, 29, '2022-03-29 05:18:30', '2022-03-29 05:18:30'),
(273, '3.5 MM CHAIN', 'PA051', 'pcs', '2.000', '10.000', NULL, 'Acive', 20, 42, 30, 29, '2022-03-29 05:19:16', '2022-03-29 05:19:16'),
(274, 'TWIST BONE (10 PCS)', 'PA103', 'pcs', '2.000', '10.000', NULL, 'Acive', 20, 38, 30, 29, '2022-03-29 05:20:08', '2022-03-29 05:20:08'),
(275, '4\' BONE (2PCS)', 'PA104', 'pcs', '2.000', '10.000', NULL, 'Acive', 20, 38, 30, 29, '2022-03-29 05:20:53', '2022-03-29 05:20:53'),
(276, '6\' BONE', 'PA105', 'pcs', '2.000', '10.000', NULL, 'Acive', 20, 38, 30, 29, '2022-03-29 05:21:44', '2022-03-29 05:21:44'),
(277, '10\' BONE', 'PA106', 'pcs', '2.000', '10.000', NULL, 'Acive', 20, 38, 30, 29, '2022-03-29 05:22:38', '2022-03-29 05:22:38'),
(281, 'BLOTOCLEAR 100 ML', 'LA001', 'pcs', '2.000', '10.000', NULL, 'Acive', 21, 46, 3, 3, '2022-03-29 05:30:24', '2022-03-29 05:30:24'),
(282, 'GUT CARE 1.5G', 'LA002', 'pcs', '2.000', '10.000', NULL, 'Acive', 21, 47, 3, 3, '2022-03-29 05:31:17', '2022-03-29 05:31:17'),
(283, 'LABRADOR RETRIEVER', 'PF019', 'pcs', '2.000', '10.000', NULL, 'Acive', 9, 15, 32, 31, '2022-03-29 05:42:30', '2022-03-29 05:42:30'),
(284, 'MAXI PUPPY 4KG', 'PF018', 'pcs', '2.000', '10.000', NULL, 'Acive', 9, 14, 32, 31, '2022-03-29 05:44:17', '2022-03-29 05:44:17'),
(285, 'MAXI PUPPY 1KG', 'PF017', 'pcs', '2.000', '10.000', NULL, 'Acive', 9, 14, 32, 31, '2022-03-29 05:45:17', '2022-03-29 05:45:17'),
(300, 'PEDIGREE PUPPY 400G', 'PF020', 'pcs', '2.000', '10.000', NULL, 'Acive', 9, 14, 33, 32, '2022-03-29 05:55:28', '2022-03-29 05:55:28'),
(301, 'PEDIGREE ADULT 400G', 'PF021', 'pcs', '2.000', '10.000', NULL, 'Acive', 9, 15, 33, 32, '2022-03-29 05:56:36', '2022-03-29 05:56:36'),
(302, 'PEDIGREE PUPPY 1.2 KG', 'PF022', 'pcs', '2.000', '10.000', NULL, 'Acive', 9, 14, 33, 32, '2022-03-29 05:57:26', '2022-03-29 05:57:26'),
(303, 'PEDIGREE ADULT 1.2 KG', 'PF023', 'pcs', '2.000', '2.000', NULL, 'Acive', 9, 15, 33, 32, '2022-03-29 05:58:32', '2022-03-29 05:58:32'),
(304, 'WORMER 100', 'PC 001', 'pcs', '2.000', '10.000', NULL, 'Acive', 7, 48, 17, 16, '2022-03-29 06:01:08', '2022-03-29 06:01:08'),
(305, 'HYPRO PREMIUM 2.5KG', 'PF024', 'pcs', '2.000', '10.000', NULL, 'Acive', 9, 14, 3, 3, '2022-03-29 06:14:19', '2022-03-29 06:14:19'),
(306, 'NAN NESTLE', 'PM 001', 'pcs', '2.000', '10.000', NULL, 'Acive', 22, 49, 22, 21, '2022-03-29 06:16:47', '2022-03-29 06:16:47'),
(307, 'LACTOGEN NESTLE', 'PM 002', 'pcs', '2.000', '10.000', NULL, 'Acive', 22, 49, 22, 21, '2022-03-29 06:17:56', '2022-03-29 06:17:56'),
(308, 'VI-SORBITS', 'PV 035', 'pcs', '2.000', '10.000', NULL, 'Acive', 10, 19, 15, 10, '2022-03-29 06:21:22', '2022-03-29 06:21:22'),
(309, 'PUPPY TALC 90G', 'PP001', 'pcs', '2.000', '10.000', NULL, 'Acive', 19, 50, 13, 13, '2022-03-29 06:22:55', '2022-03-29 06:22:55'),
(310, 'EUCA POWDER 90G', 'PP002', 'pcs', '2.000', '10.000', NULL, 'Acive', 19, 50, 13, 13, '2022-03-29 06:24:01', '2022-03-29 06:24:01'),
(311, 'TALFO LAVENDER 90G', 'PP003', 'pcs', '2.000', '10.000', NULL, 'Acive', 19, 50, 13, 13, '2022-03-29 06:24:58', '2022-03-29 06:24:58'),
(312, 'NEOTETRA 90G', 'OT003', 'pcs', '2.000', '10.000', NULL, 'Acive', 18, 34, 1, 1, '2022-03-29 06:27:39', '2022-03-29 06:27:39'),
(313, 'NEO TETRA 400G', 'OT002', 'pcs', '2.000', '10.000', NULL, 'Acive', 18, 34, 1, 1, '2022-03-29 06:28:24', '2022-03-29 06:28:24'),
(314, 'test', 'test', 'pcs', '0.000', '0.000', NULL, 'Acive', 1, 51, 34, 33, '2022-03-29 07:39:52', '2022-03-29 07:39:52'),
(319, 'CANNY VIT', 'PV009', 'pcs', '10.000', '0.000', NULL, 'Active', 10, 19, 3, 3, '2022-05-04 11:02:50', '2022-05-04 11:02:50'),
(320, 'BIO MIX PLUS', '0000', 'pcs', '10.000', '0.000', NULL, 'Active', 10, 19, 2, 2, '2022-05-31 08:14:06', '2022-05-31 08:14:06');

-- --------------------------------------------------------

--
-- Table structure for table `qty_types`
--

CREATE TABLE `qty_types` (
  `id` bigint(20) UNSIGNED NOT NULL,
  `name` varchar(10) COLLATE utf8mb4_unicode_ci NOT NULL,
  `created_at` timestamp NULL DEFAULT NULL,
  `updated_at` timestamp NULL DEFAULT NULL
) ENGINE=InnoDB DEFAULT CHARSET=utf8mb4 COLLATE=utf8mb4_unicode_ci;

--
-- Dumping data for table `qty_types`
--

INSERT INTO `qty_types` (`id`, `name`, `created_at`, `updated_at`) VALUES
(1, 'pcs', '2022-03-26 05:32:15', '2022-03-26 05:32:15');

-- --------------------------------------------------------

--
-- Table structure for table `starting_cashes`
--

CREATE TABLE `starting_cashes` (
  `id` bigint(20) UNSIGNED NOT NULL,
  `start_of_day` decimal(10,2) NOT NULL,
  `end_of_day` decimal(10,2) NOT NULL DEFAULT -1.00,
  `note` varchar(100) COLLATE utf8mb4_unicode_ci NOT NULL,
  `created_at` timestamp NULL DEFAULT NULL,
  `updated_at` timestamp NULL DEFAULT NULL
) ENGINE=InnoDB DEFAULT CHARSET=utf8mb4 COLLATE=utf8mb4_unicode_ci;

--
-- Dumping data for table `starting_cashes`
--

INSERT INTO `starting_cashes` (`id`, `start_of_day`, `end_of_day`, `note`, `created_at`, `updated_at`) VALUES
(1, '10.00', '10.00', 'Start of day validated/End of day not validated', '2022-05-03 07:43:21', '2022-05-04 10:17:13'),
(2, '10.00', '2705.00', 'Start of day validated/End of day not validated', '2022-05-04 10:18:51', '2022-05-05 08:44:29'),
(3, '2705.00', '2705.00', 'Start of day validated/End of day not validated', '2022-05-09 08:53:33', '2022-05-17 06:01:51'),
(4, '2705.00', '2705.00', 'Start of day validated/End of day not validated', '2022-05-17 06:02:08', '2022-05-21 10:23:59'),
(5, '2705.00', '2705.00', 'Start of day validated/End of day not validated', '2022-05-21 10:24:08', '2022-05-23 11:24:22'),
(6, '2705.00', '105050.00', 'Start of day validated/End of day not validated', '2022-05-23 11:24:30', '2022-05-27 04:49:40'),
(7, '105050.00', '960005.00', 'Start of day validated/End of day not validated', '2022-05-30 09:08:45', '2022-05-31 06:44:18'),
(8, '960005.00', '-1.00', 'Start of day validated', '2022-05-31 06:44:38', '2022-05-31 06:44:38');

-- --------------------------------------------------------

--
-- Table structure for table `sub_categories`
--

CREATE TABLE `sub_categories` (
  `id` bigint(20) UNSIGNED NOT NULL,
  `name` varchar(50) COLLATE utf8mb4_unicode_ci NOT NULL,
  `category_id` bigint(20) UNSIGNED NOT NULL,
  `created_at` timestamp NULL DEFAULT NULL,
  `updated_at` timestamp NULL DEFAULT NULL
) ENGINE=InnoDB DEFAULT CHARSET=utf8mb4 COLLATE=utf8mb4_unicode_ci;

--
-- Dumping data for table `sub_categories`
--

INSERT INTO `sub_categories` (`id`, `name`, `category_id`, `created_at`, `updated_at`) VALUES
(1, 'POWEDER', 2, '2022-03-26 05:28:57', '2022-03-26 05:28:57'),
(2, 'LIQUID', 3, '2022-03-26 06:12:31', '2022-03-26 06:12:31'),
(3, 'LIQUID', 4, '2022-03-26 06:19:52', '2022-03-26 06:19:52'),
(4, 'POWDER', 4, '2022-03-26 06:52:06', '2022-03-26 06:52:06'),
(5, 'LIQUID', 5, '2022-03-26 07:28:54', '2022-03-26 07:28:54'),
(6, 'POWDER', 5, '2022-03-26 07:29:10', '2022-03-26 07:29:10'),
(7, 'LIQUID', 6, '2022-03-26 07:29:47', '2022-03-26 07:29:47'),
(8, 'ALBENDASOL', 7, '2022-03-26 07:37:05', '2022-03-26 07:37:05'),
(9, 'LEVERMASOL', 7, '2022-03-26 07:45:09', '2022-03-26 07:45:09'),
(10, 'TABLET', 7, '2022-03-26 07:47:42', '2022-03-26 07:47:42'),
(11, 'SPRAY', 8, '2022-03-26 07:54:26', '2022-03-26 07:54:26'),
(12, 'POWDER', 8, '2022-03-26 07:54:40', '2022-03-26 07:54:40'),
(13, 'LOTION', 8, '2022-03-26 07:54:50', '2022-03-26 07:54:50'),
(14, 'PUPPY', 9, '2022-03-26 08:04:50', '2022-03-26 08:04:50'),
(15, 'ADULT', 9, '2022-03-26 08:04:56', '2022-03-26 08:04:56'),
(17, 'LIQUID', 10, '2022-03-26 08:12:15', '2022-03-26 08:12:15'),
(18, 'POWDER', 10, '2022-03-26 08:12:22', '2022-03-26 08:12:22'),
(19, 'TABLET', 10, '2022-03-26 08:12:31', '2022-03-26 08:12:31'),
(20, 'LIQUID', 11, '2022-03-26 08:43:48', '2022-03-26 08:43:48'),
(21, 'SPRAY', 11, '2022-03-26 08:43:58', '2022-03-26 08:43:58'),
(22, 'LOTION', 11, '2022-03-26 08:44:07', '2022-03-26 08:44:07'),
(23, 'TABLET', 11, '2022-03-26 09:05:05', '2022-03-26 09:05:05'),
(24, 'POWDER', 12, '2022-03-26 09:12:26', '2022-03-26 09:12:26'),
(25, 'L', 12, '2022-03-26 09:12:34', '2022-03-26 09:12:34'),
(26, 'LIQUID', 12, '2022-03-26 09:12:49', '2022-03-26 09:12:49'),
(27, 'LIQUID', 13, '2022-03-26 09:18:15', '2022-03-26 09:18:15'),
(28, 'TABLET', 14, '2022-03-26 09:44:23', '2022-03-26 09:44:23'),
(29, 'LIQUID', 14, '2022-03-26 09:44:31', '2022-03-26 09:44:31'),
(30, 'INJECTION', 15, '2022-03-26 09:57:57', '2022-03-26 09:57:57'),
(31, 'POWDER', 16, '2022-03-26 10:02:08', '2022-03-26 10:02:08'),
(32, 'LIQUID', 16, '2022-03-26 10:02:12', '2022-03-26 10:02:12'),
(33, 'POWDER', 17, '2022-03-26 10:05:28', '2022-03-26 10:05:28'),
(34, 'POWDER', 18, '2022-03-26 12:00:21', '2022-03-26 12:00:21'),
(35, 'LIQUID', 18, '2022-03-26 12:00:26', '2022-03-26 12:00:26'),
(36, 'SOAP', 19, '2022-03-26 12:20:59', '2022-03-26 12:20:59'),
(37, 'SHAMPOO', 19, '2022-03-26 12:21:07', '2022-03-26 12:21:07'),
(38, 'CHEWING', 20, '2022-03-29 04:04:24', '2022-03-29 04:04:24'),
(39, 'COLLAR', 20, '2022-03-29 04:04:42', '2022-03-29 04:04:42'),
(40, 'LEADS', 20, '2022-03-29 04:04:54', '2022-03-29 04:04:54'),
(41, 'HARNESS', 20, '2022-03-29 04:05:06', '2022-03-29 04:05:06'),
(42, 'METAL CHAIN', 20, '2022-03-29 04:05:12', '2022-03-29 04:05:12'),
(43, 'GROOMING', 20, '2022-03-29 04:05:23', '2022-03-29 04:05:23'),
(44, 'MUZZEL', 20, '2022-03-29 04:05:33', '2022-03-29 04:05:33'),
(45, 'OTHER', 20, '2022-03-29 04:06:10', '2022-03-29 04:06:10'),
(46, 'LIQUID', 21, '2022-03-29 05:29:11', '2022-03-29 05:29:11'),
(47, 'TABLET', 21, '2022-03-29 05:29:26', '2022-03-29 05:29:26'),
(48, 'PIPEREZINE', 7, '2022-03-29 05:59:43', '2022-03-29 05:59:43'),
(49, 'POWDER', 22, '2022-03-29 06:15:14', '2022-03-29 06:15:14'),
(50, 'POWDER', 19, '2022-03-29 06:21:59', '2022-03-29 06:21:59'),
(51, 'test', 1, '2022-03-29 07:38:54', '2022-03-29 07:38:54');

-- --------------------------------------------------------

--
-- Table structure for table `suppliers`
--

CREATE TABLE `suppliers` (
  `id` bigint(20) UNSIGNED NOT NULL,
  `name` varchar(50) COLLATE utf8mb4_unicode_ci NOT NULL,
  `company` varchar(100) COLLATE utf8mb4_unicode_ci NOT NULL,
  `phone_number` varchar(20) COLLATE utf8mb4_unicode_ci NOT NULL,
  `created_at` timestamp NULL DEFAULT NULL,
  `updated_at` timestamp NULL DEFAULT NULL
) ENGINE=InnoDB DEFAULT CHARSET=utf8mb4 COLLATE=utf8mb4_unicode_ci;

--
-- Dumping data for table `suppliers`
--

INSERT INTO `suppliers` (`id`, `name`, `company`, `phone_number`, `created_at`, `updated_at`) VALUES
(1, 'OSUMI DISTRIBUTOR', 'ASTRON', '0779238699', '2022-03-26 05:36:20', '2022-03-26 05:36:20'),
(2, 'VETPHAMA BIOTHECNOLOGHY', 'VETPHARMA', '0776235352', '2022-03-26 05:49:03', '2022-03-26 05:49:03'),
(3, 'FARMCHEMIE (PVT) LTD', 'FARMCHEMIE (PVT) LTD', '0769472803', '2022-03-26 05:56:54', '2022-03-26 05:56:54'),
(4, 'AGRO NUTRITION (PVT) LTD', 'AGRO NUTRITION (PVT) LTD', '0710713561', '2022-03-26 05:59:58', '2022-03-26 05:59:58'),
(5, 'HAYLEYS', 'HAYLEYS', '0774982456', '2022-03-26 06:03:41', '2022-03-26 06:03:41'),
(6, 'CHEMIFARMA (PVT) LTD', 'CHEMIFARMA (PVT) LTD', '0763597258', '2022-03-26 06:07:47', '2022-03-26 06:07:47'),
(7, 'MIRACLE', 'MIRACLE', '0763986363', '2022-03-26 06:14:15', '2022-03-26 06:14:15'),
(8, 'BIONUTRITION', 'BIONUTRITION', '0772099117', '2022-03-26 06:15:41', '2022-03-26 06:15:41'),
(9, 'CITY PHARMA', 'CITY HEALTH', '0779166230', '2022-03-26 06:50:50', '2022-03-26 06:50:50'),
(10, 'LK VETCARE', 'V TEC LANKA', '0772299164', '2022-03-26 07:11:03', '2022-03-26 07:11:03'),
(11, 'BREMER LANKA', 'BREMER LANKA', '0777762553', '2022-03-26 07:12:39', '2022-03-26 07:12:39'),
(12, 'EMERCHEMIE', 'EMERCHEMIE', '0715118375', '2022-03-26 07:19:49', '2022-03-26 07:19:49'),
(13, 'GREENVET', 'GREENVET', '000000000000', '2022-03-26 07:24:01', '2022-03-26 07:24:01'),
(14, 'DYMEC', 'DYMEC', '0772597333', '2022-03-26 07:31:43', '2022-03-26 07:31:43'),
(15, 'KENTOVET', 'KENTOVET', '0770582549', '2022-03-26 08:00:24', '2022-03-26 08:00:24'),
(16, 'BROWNS', 'BROWNS', '0768830786', '2022-03-26 08:06:14', '2022-03-26 08:06:14'),
(17, 'CEPET', 'CEPET', '0111111111', '2022-03-26 08:09:38', '2022-03-26 08:09:38'),
(18, 'VETGROW', 'VETGROW', '0111111111', '2022-03-26 08:13:51', '2022-03-26 08:13:51'),
(19, 'CIC VETCARE', 'CIC VETCARE', '0711495124', '2022-03-26 08:18:30', '2022-03-26 08:18:30'),
(20, 'C-BAY', 'C-BAY', '0111111111', '2022-03-26 08:22:38', '2022-03-26 08:22:38'),
(21, 'GENERAL', 'GENERAL', '0111111111', '2022-03-26 08:59:48', '2022-03-26 08:59:48'),
(22, 'PETRO', 'PETRO', '0111111111', '2022-03-26 09:04:37', '2022-03-26 09:04:37'),
(23, 'VET MEDICARE', 'VET MEDICARE', '0111111111', '2022-03-26 09:11:44', '2022-03-26 09:11:44'),
(24, 'BESTCARE', 'BESTCARE', '0766647921', '2022-03-26 09:14:32', '2022-03-26 09:14:32'),
(25, 'ISURU VET PHARMA', 'ISURU VET PHARMA', '0777390075', '2022-03-26 09:23:05', '2022-03-26 09:23:05'),
(26, 'AGRINOVA', 'AGRINOVA', '0772071913', '2022-03-26 09:38:48', '2022-03-26 09:38:48'),
(27, 'YETHUM', 'YETHUM', '0111111111', '2022-03-26 12:26:11', '2022-03-26 12:26:11'),
(28, 'HIMA', 'HIMA', '0703203033', '2022-03-29 04:30:06', '2022-03-29 04:30:06'),
(29, 'MACKEY', 'MACKEY', '0777374334', '2022-03-29 04:43:14', '2022-03-29 04:43:14'),
(30, 'PET PALACE', 'PET PALACE', '0766647921', '2022-03-29 04:48:04', '2022-03-29 04:48:04'),
(31, 'ROYAL CANIN', 'ROYAL CANIN', '0779549535', '2022-03-29 05:42:18', '2022-03-29 05:42:18'),
(32, 'PEDIGREE', 'PEDIGREE', '0112522871', '2022-03-29 05:48:28', '2022-03-29 05:53:14'),
(33, 'test', 'test', '0111111111', '2022-03-29 07:38:17', '2022-03-29 07:38:17');

-- --------------------------------------------------------

--
-- Table structure for table `supplier_invoices`
--

CREATE TABLE `supplier_invoices` (
  `id` bigint(20) UNSIGNED NOT NULL,
  `s_invoice_no` varchar(30) COLLATE utf8mb4_unicode_ci NOT NULL,
  `note` varchar(100) COLLATE utf8mb4_unicode_ci DEFAULT NULL,
  `total` decimal(10,2) NOT NULL,
  `is_paid` tinyint(1) NOT NULL DEFAULT 1,
  `issue_at` date DEFAULT NULL,
  `supplier_id` bigint(20) UNSIGNED NOT NULL,
  `created_at` timestamp NULL DEFAULT NULL,
  `updated_at` timestamp NULL DEFAULT NULL
) ENGINE=InnoDB DEFAULT CHARSET=utf8mb4 COLLATE=utf8mb4_unicode_ci;

--
-- Dumping data for table `supplier_invoices`
--

INSERT INTO `supplier_invoices` (`id`, `s_invoice_no`, `note`, `total`, `is_paid`, `issue_at`, `supplier_id`, `created_at`, `updated_at`) VALUES
(1, '0', 'test', '0.00', 1, '2022-03-29', 33, '2022-03-29 07:41:15', '2022-03-29 07:41:15'),
(2, '000001', 'Restore product - code:PF004 /QTY:6.000 /cost:336.00 /EXP:2020-09-20', '2016.00', 1, NULL, 17, '2022-05-03 08:03:08', '2022-05-03 08:03:08');

-- --------------------------------------------------------

--
-- Table structure for table `users`
--

CREATE TABLE `users` (
  `id` bigint(20) UNSIGNED NOT NULL,
  `name` varchar(255) COLLATE utf8mb4_unicode_ci NOT NULL,
  `email` varchar(255) COLLATE utf8mb4_unicode_ci NOT NULL,
  `email_verified_at` timestamp NULL DEFAULT NULL,
  `password` varchar(255) COLLATE utf8mb4_unicode_ci NOT NULL,
  `remember_token` varchar(100) COLLATE utf8mb4_unicode_ci DEFAULT NULL,
  `created_at` timestamp NULL DEFAULT NULL,
  `updated_at` timestamp NULL DEFAULT NULL
) ENGINE=InnoDB DEFAULT CHARSET=utf8mb4 COLLATE=utf8mb4_unicode_ci;

--
-- Dumping data for table `users`
--

INSERT INTO `users` (`id`, `name`, `email`, `email_verified_at`, `password`, `remember_token`, `created_at`, `updated_at`) VALUES
(1, 'test', 'test@gmail.com', NULL, '$2y$10$fm/lTLzwkooQT4PNpIgyVO1oj5zuT.QIKLvyYgN3rAiEGNA/50uDW', NULL, '2022-03-11 20:19:24', '2022-03-11 20:19:24'),
(2, 'vetchem', 'vetchemfn@gmail.com', NULL, '$2y$10$djozKaLxaFHURC3zqwHC0emkex0HRZexsW.Jn5n73h3k1UDuiukme', '7hYTRR47lSJx0cYLvQTBs7Gy1YRGS35IwAOtoeykXHMQTZmFO7zbZNjkWAen', '2022-03-26 05:25:05', '2022-03-26 05:25:05'),
(3, 'Piyumi01', 'vetchemfn01@gmail.com', NULL, '$2y$10$9mR1f/eVdD9lvvQQSogsyuOzrAx28SX.YlKlTOk/7Q8ySCYlN2ip6', 'CFBRnHEijLVoBVumgRXjeM9YiE8Ms4LY50sqKEDObKCoF8vvjgwvdHJUXJpJ', '2022-05-03 08:41:25', '2022-05-03 08:41:25');

--
-- Indexes for dumped tables
--

--
-- Indexes for table `barcodes`
--
ALTER TABLE `barcodes`
  ADD PRIMARY KEY (`id`),
  ADD KEY `barcodes_product_id_foreign` (`product_id`);

--
-- Indexes for table `brands`
--
ALTER TABLE `brands`
  ADD PRIMARY KEY (`id`);

--
-- Indexes for table `cash_in_outs`
--
ALTER TABLE `cash_in_outs`
  ADD PRIMARY KEY (`id`);

--
-- Indexes for table `categories`
--
ALTER TABLE `categories`
  ADD PRIMARY KEY (`id`);

--
-- Indexes for table `customers`
--
ALTER TABLE `customers`
  ADD PRIMARY KEY (`id`);

--
-- Indexes for table `failed_jobs`
--
ALTER TABLE `failed_jobs`
  ADD PRIMARY KEY (`id`),
  ADD UNIQUE KEY `failed_jobs_uuid_unique` (`uuid`);

--
-- Indexes for table `invoices`
--
ALTER TABLE `invoices`
  ADD PRIMARY KEY (`id`),
  ADD KEY `invoices_user_id_foreign` (`user_id`),
  ADD KEY `invoices_customer_id_foreign` (`customer_id`);

--
-- Indexes for table `invoice_items`
--
ALTER TABLE `invoice_items`
  ADD PRIMARY KEY (`id`),
  ADD KEY `invoice_items_invoice_id_foreign` (`invoice_id`);

--
-- Indexes for table `lot_infos`
--
ALTER TABLE `lot_infos`
  ADD PRIMARY KEY (`id`),
  ADD KEY `lot_infos_product_id_foreign` (`product_id`);

--
-- Indexes for table `migrations`
--
ALTER TABLE `migrations`
  ADD PRIMARY KEY (`id`);

--
-- Indexes for table `password_resets`
--
ALTER TABLE `password_resets`
  ADD KEY `password_resets_email_index` (`email`);

--
-- Indexes for table `personal_access_tokens`
--
ALTER TABLE `personal_access_tokens`
  ADD PRIMARY KEY (`id`),
  ADD UNIQUE KEY `personal_access_tokens_token_unique` (`token`),
  ADD KEY `personal_access_tokens_tokenable_type_tokenable_id_index` (`tokenable_type`,`tokenable_id`);

--
-- Indexes for table `products`
--
ALTER TABLE `products`
  ADD PRIMARY KEY (`id`),
  ADD UNIQUE KEY `products_code_unique` (`code`),
  ADD KEY `products_category_id_foreign` (`category_id`),
  ADD KEY `products_sub_category_id_foreign` (`sub_category_id`),
  ADD KEY `products_brand_id_foreign` (`brand_id`),
  ADD KEY `products_supplier_id_foreign` (`supplier_id`);

--
-- Indexes for table `qty_types`
--
ALTER TABLE `qty_types`
  ADD PRIMARY KEY (`id`);

--
-- Indexes for table `starting_cashes`
--
ALTER TABLE `starting_cashes`
  ADD PRIMARY KEY (`id`);

--
-- Indexes for table `sub_categories`
--
ALTER TABLE `sub_categories`
  ADD PRIMARY KEY (`id`),
  ADD KEY `sub_categories_category_id_foreign` (`category_id`);

--
-- Indexes for table `suppliers`
--
ALTER TABLE `suppliers`
  ADD PRIMARY KEY (`id`);

--
-- Indexes for table `supplier_invoices`
--
ALTER TABLE `supplier_invoices`
  ADD PRIMARY KEY (`id`),
  ADD UNIQUE KEY `supplier_invoices_s_invoice_no_unique` (`s_invoice_no`),
  ADD KEY `supplier_invoices_supplier_id_foreign` (`supplier_id`);

--
-- Indexes for table `users`
--
ALTER TABLE `users`
  ADD PRIMARY KEY (`id`),
  ADD UNIQUE KEY `users_email_unique` (`email`);

--
-- AUTO_INCREMENT for dumped tables
--

--
-- AUTO_INCREMENT for table `barcodes`
--
ALTER TABLE `barcodes`
  MODIFY `id` bigint(20) UNSIGNED NOT NULL AUTO_INCREMENT, AUTO_INCREMENT=2;

--
-- AUTO_INCREMENT for table `brands`
--
ALTER TABLE `brands`
  MODIFY `id` bigint(20) UNSIGNED NOT NULL AUTO_INCREMENT, AUTO_INCREMENT=35;

--
-- AUTO_INCREMENT for table `cash_in_outs`
--
ALTER TABLE `cash_in_outs`
  MODIFY `id` bigint(20) UNSIGNED NOT NULL AUTO_INCREMENT, AUTO_INCREMENT=3;

--
-- AUTO_INCREMENT for table `categories`
--
ALTER TABLE `categories`
  MODIFY `id` bigint(20) UNSIGNED NOT NULL AUTO_INCREMENT, AUTO_INCREMENT=23;

--
-- AUTO_INCREMENT for table `customers`
--
ALTER TABLE `customers`
  MODIFY `id` bigint(20) UNSIGNED NOT NULL AUTO_INCREMENT, AUTO_INCREMENT=2;

--
-- AUTO_INCREMENT for table `failed_jobs`
--
ALTER TABLE `failed_jobs`
  MODIFY `id` bigint(20) UNSIGNED NOT NULL AUTO_INCREMENT;

--
-- AUTO_INCREMENT for table `invoices`
--
ALTER TABLE `invoices`
  MODIFY `id` bigint(20) UNSIGNED NOT NULL AUTO_INCREMENT, AUTO_INCREMENT=32;

--
-- AUTO_INCREMENT for table `invoice_items`
--
ALTER TABLE `invoice_items`
  MODIFY `id` bigint(20) UNSIGNED NOT NULL AUTO_INCREMENT, AUTO_INCREMENT=1113;

--
-- AUTO_INCREMENT for table `lot_infos`
--
ALTER TABLE `lot_infos`
  MODIFY `id` bigint(20) UNSIGNED NOT NULL AUTO_INCREMENT, AUTO_INCREMENT=227;

--
-- AUTO_INCREMENT for table `migrations`
--
ALTER TABLE `migrations`
  MODIFY `id` int(10) UNSIGNED NOT NULL AUTO_INCREMENT, AUTO_INCREMENT=55;

--
-- AUTO_INCREMENT for table `personal_access_tokens`
--
ALTER TABLE `personal_access_tokens`
  MODIFY `id` bigint(20) UNSIGNED NOT NULL AUTO_INCREMENT;

--
-- AUTO_INCREMENT for table `products`
--
ALTER TABLE `products`
  MODIFY `id` bigint(20) UNSIGNED NOT NULL AUTO_INCREMENT, AUTO_INCREMENT=321;

--
-- AUTO_INCREMENT for table `qty_types`
--
ALTER TABLE `qty_types`
  MODIFY `id` bigint(20) UNSIGNED NOT NULL AUTO_INCREMENT, AUTO_INCREMENT=2;

--
-- AUTO_INCREMENT for table `starting_cashes`
--
ALTER TABLE `starting_cashes`
  MODIFY `id` bigint(20) UNSIGNED NOT NULL AUTO_INCREMENT, AUTO_INCREMENT=9;

--
-- AUTO_INCREMENT for table `sub_categories`
--
ALTER TABLE `sub_categories`
  MODIFY `id` bigint(20) UNSIGNED NOT NULL AUTO_INCREMENT, AUTO_INCREMENT=52;

--
-- AUTO_INCREMENT for table `suppliers`
--
ALTER TABLE `suppliers`
  MODIFY `id` bigint(20) UNSIGNED NOT NULL AUTO_INCREMENT, AUTO_INCREMENT=34;

--
-- AUTO_INCREMENT for table `supplier_invoices`
--
ALTER TABLE `supplier_invoices`
  MODIFY `id` bigint(20) UNSIGNED NOT NULL AUTO_INCREMENT, AUTO_INCREMENT=3;

--
-- AUTO_INCREMENT for table `users`
--
ALTER TABLE `users`
  MODIFY `id` bigint(20) UNSIGNED NOT NULL AUTO_INCREMENT, AUTO_INCREMENT=4;

--
-- Constraints for dumped tables
--

--
-- Constraints for table `barcodes`
--
ALTER TABLE `barcodes`
  ADD CONSTRAINT `barcodes_product_id_foreign` FOREIGN KEY (`product_id`) REFERENCES `products` (`id`) ON DELETE CASCADE;

--
-- Constraints for table `invoices`
--
ALTER TABLE `invoices`
  ADD CONSTRAINT `invoices_customer_id_foreign` FOREIGN KEY (`customer_id`) REFERENCES `customers` (`id`),
  ADD CONSTRAINT `invoices_user_id_foreign` FOREIGN KEY (`user_id`) REFERENCES `users` (`id`);

--
-- Constraints for table `invoice_items`
--
ALTER TABLE `invoice_items`
  ADD CONSTRAINT `invoice_items_invoice_id_foreign` FOREIGN KEY (`invoice_id`) REFERENCES `invoices` (`id`) ON DELETE CASCADE;

--
-- Constraints for table `lot_infos`
--
ALTER TABLE `lot_infos`
  ADD CONSTRAINT `lot_infos_product_id_foreign` FOREIGN KEY (`product_id`) REFERENCES `products` (`id`);

--
-- Constraints for table `products`
--
ALTER TABLE `products`
  ADD CONSTRAINT `products_brand_id_foreign` FOREIGN KEY (`brand_id`) REFERENCES `brands` (`id`),
  ADD CONSTRAINT `products_category_id_foreign` FOREIGN KEY (`category_id`) REFERENCES `categories` (`id`),
  ADD CONSTRAINT `products_sub_category_id_foreign` FOREIGN KEY (`sub_category_id`) REFERENCES `sub_categories` (`id`),
  ADD CONSTRAINT `products_supplier_id_foreign` FOREIGN KEY (`supplier_id`) REFERENCES `suppliers` (`id`);

--
-- Constraints for table `sub_categories`
--
ALTER TABLE `sub_categories`
  ADD CONSTRAINT `sub_categories_category_id_foreign` FOREIGN KEY (`category_id`) REFERENCES `categories` (`id`);

--
-- Constraints for table `supplier_invoices`
--
ALTER TABLE `supplier_invoices`
  ADD CONSTRAINT `supplier_invoices_supplier_id_foreign` FOREIGN KEY (`supplier_id`) REFERENCES `suppliers` (`id`);
COMMIT;

/*!40101 SET CHARACTER_SET_CLIENT=@OLD_CHARACTER_SET_CLIENT */;
/*!40101 SET CHARACTER_SET_RESULTS=@OLD_CHARACTER_SET_RESULTS */;
/*!40101 SET COLLATION_CONNECTION=@OLD_COLLATION_CONNECTION */;
